PDF,RelativePath,Status,TotalPages,PagesCreated,PagesSkipped,PagesFailed,DPI,JPEGQuality,Seconds,Error
23A8XIGA__LA TACO - 2017 - Preview Ron English “Toybox America In The Visuals”(2).pdf,23A8XIGA__LA TACO - 2017 - Preview Ron English “Toybox America In The Visuals”(2).pdf,Completed,3,0,3,0,200,90,0.0,
24HD99YI__Petrick - 2005 - Batman and Barb1e.pdf,24HD99YI__Petrick - 2005 - Batman and Barb1e.pdf,Completed,2,0,2,0,200,90,0.0,
"26KUBRUG__Eller - 2016 - Coverage Ron English Solo Exhibition “Guernica” Opening at Allouche Gallery 102416, NYC.pdf","26KUBRUG__Eller - 2016 - Coverage Ron English Solo Exhibition “Guernica” Opening at Allouche Gallery 102416, NYC.pdf",Completed,7,0,7,0,200,90,0.0,
27DUBCQX__Leung - 2018 - Artspace ' s COVID-19 Benefit Auction Supports Underserved Artists and Communities.pdf,27DUBCQX__Leung - 2018 - Artspace ' s COVID-19 Benefit Auction Supports Underserved Artists and Communities.pdf,Completed,2,2,0,0,200,90,0.4,
27U97CTC__Abraão - 2014 - Ron English ‘Do Estúdio Para A Rua’ No Rio De Janeiro.pdf,27U97CTC__Abraão - 2014 - Ron English ‘Do Estúdio Para A Rua’ No Rio De Janeiro.pdf,Completed,1,1,0,0,200,90,0.25,
29H84TPK__Sleepboy - 2016 - Recap Ron English – “Guernica” @ Allouche Gallery.pdf,29H84TPK__Sleepboy - 2016 - Recap Ron English – “Guernica” @ Allouche Gallery.pdf,Completed,5,5,0,0,200,90,1.7,
2BCENDWB___.pdf,2BCENDWB___.pdf,Completed,4,4,0,0,200,90,1.54,
2BWL3YBC__Didi Hu - 2017 - 追溯童年，Ron English 将开启个展《TOYBOX America in the Visuals》.pdf,2BWL3YBC__Didi Hu - 2017 - 追溯童年，Ron English 将开启个展《TOYBOX America in the Visuals》.pdf,Completed,2,2,0,0,200,90,0.62,
2BYPT8NF__Short - 2017 - 15 Captivating Works Of Art That Challenge The McDonaldization Of Society.pdf,2BYPT8NF__Short - 2017 - 15 Captivating Works Of Art That Challenge The McDonaldization Of Society.pdf,Completed,3,3,0,0,200,90,0.79,
"2C3J4C6C__Man - 2017 - An Interview With Ron English, and Work From His New Show “TOYBOX” at Corey Helford Gallery.pdf","2C3J4C6C__Man - 2017 - An Interview With Ron English, and Work From His New Show “TOYBOX” at Corey Helford Gallery.pdf",Completed,1,1,0,0,200,90,0.23,
2E8VT8AH__Corey Helford Gallery - 2011 - Ron English.pdf,2E8VT8AH__Corey Helford Gallery - 2011 - Ron English.pdf,Completed,3,3,0,0,200,90,0.58,
2EUZHE9Q__Galperina - 2010 - Amber Rose Tentacle Lovin’ and Other Ron English Funnies.pdf,2EUZHE9Q__Galperina - 2010 - Amber Rose Tentacle Lovin’ and Other Ron English Funnies.pdf,Completed,1,1,0,0,200,90,0.31,
2F29ISV4__Chesler - 2016 - Ron English Discusses the State of Pop Art in 2016.pdf,2F29ISV4__Chesler - 2016 - Ron English Discusses the State of Pop Art in 2016.pdf,Completed,5,5,0,0,200,90,1.02,
"2GFEWHQM__Stavsky - 2011 - David Ellis, Ron English, Futura, Saber, Sixeart, & more @ Opera Gallery’s “Abstractions”.pdf","2GFEWHQM__Stavsky - 2011 - David Ellis, Ron English, Futura, Saber, Sixeart, & more @ Opera Gallery’s “Abstractions”.pdf",Completed,1,1,0,0,200,90,0.24,
2GPUI9CS__Fine Art magazine - 2018 - Ron English.pdf,2GPUI9CS__Fine Art magazine - 2018 - Ron English.pdf,Completed,2,2,0,0,200,90,0.49,
2I6C5NQB__Gallery - 2015 - Ron English Neo Nature at the new Corey Helford Gallery.pdf,2I6C5NQB__Gallery - 2015 - Ron English Neo Nature at the new Corey Helford Gallery.pdf,Completed,24,24,0,0,200,90,5.95,
2J5X6GZB__Allouche Gallery - 2024 - Ron English Translations.pdf,2J5X6GZB__Allouche Gallery - 2024 - Ron English Translations.pdf,Completed,3,3,0,0,200,90,0.8,
"2JSKETXE__Allison - 2020 - Down on the Bowery, ‘POPaganda on Paper’ with Ron English.pdf","2JSKETXE__Allison - 2020 - Down on the Bowery, ‘POPaganda on Paper’ with Ron English.pdf",Completed,2,2,0,0,200,90,0.45,
2KELQCFK__Tess - 2017 - “TOYBOX America in the visuals”.pdf,2KELQCFK__Tess - 2017 - “TOYBOX America in the visuals”.pdf,Completed,4,4,0,0,200,90,1.05,
2KHB646Z__Kogler - 2010 - Questa è vera.pdf,2KHB646Z__Kogler - 2010 - Questa è vera.pdf,Completed,3,3,0,0,200,90,1.17,
2KVHZJEM__1992 - .pdf,2KVHZJEM__1992 - .pdf,Completed,3,3,0,0,200,90,1.13,
"2PU6RPQC__Juxtapoz - 2016 - Ron English Guernica @ Allouche Gallery, NYC.pdf","2PU6RPQC__Juxtapoz - 2016 - Ron English Guernica @ Allouche Gallery, NYC.pdf",Completed,4,4,0,0,200,90,1.12,
2S2USHT5__Butterfly Art News - 2015 - London Ron English @ Boxpark - Copy.pdf,2S2USHT5__Butterfly Art News - 2015 - London Ron English @ Boxpark - Copy.pdf,Completed,4,4,0,0,200,90,1.03,
2SS4I7WP__Footdistrict Blog - 2019 - Mentiras corporativas y POPaganda ¿Quién es Ron English.pdf,2SS4I7WP__Footdistrict Blog - 2019 - Mentiras corporativas y POPaganda ¿Quién es Ron English.pdf,Completed,3,3,0,0,200,90,0.73,
2SS9SAB3___.pdf,2SS9SAB3___.pdf,Completed,9,9,0,0,200,90,3.77,
2TCTV4FR__2020 - Ron English “POPaganda On Paper” A Virtual Exhibition Interview &amp; Preview.pdf,2TCTV4FR__2020 - Ron English “POPaganda On Paper” A Virtual Exhibition Interview &amp; Preview.pdf,Completed,5,5,0,0,200,90,1.4,
2TN6HDVV__Ron English Translations  Exhibitions  MutualAr.pdf,2TN6HDVV__Ron English Translations  Exhibitions  MutualAr.pdf,Completed,4,4,0,0,200,90,1.06,
2UI9EA85__The Aquarian - 1994 - English 101.pdf,2UI9EA85__The Aquarian - 1994 - English 101.pdf,Completed,1,1,0,0,200,90,0.42,
2UT6YG5U__510.pdf,2UT6YG5U__510.pdf,Completed,224,224,0,0,200,90,44.78,
2V7TXZZX__English - 2014 - Station – Museum of Contemporary Art.pdf,2V7TXZZX__English - 2014 - Station – Museum of Contemporary Art.pdf,Completed,8,8,0,0,200,90,2.19,
2W3U5AA3___.pdf,2W3U5AA3___.pdf,Completed,2,2,0,0,200,90,8.39,
2W8AIAX4___.pdf,2W8AIAX4___.pdf,Completed,5,5,0,0,200,90,3.56,
2WGA3UBU__m-api-37787ab9-176e-a92b-3b7e-e13a7d93c507.pdf,2WGA3UBU__m-api-37787ab9-176e-a92b-3b7e-e13a7d93c507.pdf,Completed,5,5,0,0,200,90,0.69,
2WQIEC49___.pdf,2WQIEC49___.pdf,Completed,1,1,0,0,200,90,0.46,
2WUJX2N2__Heavy Metal - Heavy Metal #280 Reviews.pdf,2WUJX2N2__Heavy Metal - Heavy Metal #280 Reviews.pdf,Completed,1,1,0,0,200,90,3.07,
2X59567T__Burstein! - 2009 - Art & Design Films Interviews Renegade Artist Ron English.pdf,2X59567T__Burstein! - 2009 - Art & Design Films Interviews Renegade Artist Ron English.pdf,Completed,1,1,0,0,200,90,0.25,
2XICQBT4__Ruano - 2009 - Ron English Lazarus Rising Exhibition Recap.pdf,2XICQBT4__Ruano - 2009 - Ron English Lazarus Rising Exhibition Recap.pdf,Completed,8,8,0,0,200,90,2.07,
"2XPXMSC9__Tucknott - 2009 - Ron English, Pop Artist (INTERVIEW).pdf","2XPXMSC9__Tucknott - 2009 - Ron English, Pop Artist (INTERVIEW).pdf",Completed,3,3,0,0,200,90,0.49,
2YHMPSB6__Beale - 2010 - Happy National Clown Week.pdf,2YHMPSB6__Beale - 2010 - Happy National Clown Week.pdf,Completed,1,1,0,0,200,90,0.25,
2YIQIU93__Sleepboy - 2015 - Openings Ron English – “NeoNature” @ Corey Helford Gallery.pdf,2YIQIU93__Sleepboy - 2015 - Openings Ron English – “NeoNature” @ Corey Helford Gallery.pdf,Completed,26,26,0,0,200,90,7.64,
2YQB7ISW__YRB Editorial - 2016 - Ron English Guernica.pdf,2YQB7ISW__YRB Editorial - 2016 - Ron English Guernica.pdf,Completed,2,2,0,0,200,90,0.42,
2YZQ62GU__Betz - 1992 - Absolut Collaboration – The Role of the Artist in .pdf,2YZQ62GU__Betz - 1992 - Absolut Collaboration – The Role of the Artist in .pdf,Completed,3,3,0,0,200,90,1.24,
2Z262JN8__Sieland - Unknown - The Preview Issue.pdf,2Z262JN8__Sieland - Unknown - The Preview Issue.pdf,Completed,1,1,0,0,200,90,0.41,
326IF8JY__Vandalog – A Street Art Blog - 2012 - Letters From America at Black Rat Projects Vandalog.pdf,326IF8JY__Vandalog – A Street Art Blog - 2012 - Letters From America at Black Rat Projects Vandalog.pdf,Completed,4,4,0,0,200,90,1.06,
32AQSDIB__Captnbrincrunch - 2008 - Ron English.pdf,32AQSDIB__Captnbrincrunch - 2008 - Ron English.pdf,Completed,1,1,0,0,200,90,0.22,
32QYMEE5__Tuite - 1981 - Artist surreally into his work.pdf,32QYMEE5__Tuite - 1981 - Artist surreally into his work.pdf,Completed,1,1,0,0,200,90,0.51,
33NKQ6CZ__English - 2008 - Ron English.pdf,33NKQ6CZ__English - 2008 - Ron English.pdf,Completed,1,1,0,0,200,90,0.25,
33T7932T__Sleepboy - 2016 - Upcoming Ron English – “Sugar High” @ Dorothy Circus Gallery.pdf,33T7932T__Sleepboy - 2016 - Upcoming Ron English – “Sugar High” @ Dorothy Circus Gallery.pdf,Completed,3,3,0,0,200,90,0.86,
33ZXNXD9___.pdf,33ZXNXD9___.pdf,Completed,1,1,0,0,200,90,0.37,
34HI4Q57__Art2feedbrains - 2020 - Ron English.pdf,34HI4Q57__Art2feedbrains - 2020 - Ron English.pdf,Completed,1,1,0,0,200,90,0.31,
37M5RN2L__Mural - 2018 - Interview with Ron English(4).pdf,37M5RN2L__Mural - 2018 - Interview with Ron English(4).pdf,Completed,1,1,0,0,200,90,0.18,
38GWFXM9__Geoff - 2009 - Grin by Ron English.pdf,38GWFXM9__Geoff - 2009 - Grin by Ron English.pdf,Completed,1,1,0,0,200,90,0.22,
38S5KDGE__Jack - 2009 - SEEN FAMILY TRADITION @ DE LA BARRACUDA.pdf,38S5KDGE__Jack - 2009 - SEEN FAMILY TRADITION @ DE LA BARRACUDA.pdf,Completed,2,2,0,0,200,90,0.46,
39Y87K69__Keller - 2010 - Ron English Pop Up Factory at Opera Gallery.pdf,39Y87K69__Keller - 2010 - Ron English Pop Up Factory at Opera Gallery.pdf,Completed,2,2,0,0,200,90,0.52,
3A2ZMILF__Fifty 24SF Gallery - 2008 - Ron English.pdf,3A2ZMILF__Fifty 24SF Gallery - 2008 - Ron English.pdf,Completed,2,2,0,0,200,90,0.47,
3ADXS29L__Trippe - 2009 - Ron English in Italy.pdf,3ADXS29L__Trippe - 2009 - Ron English in Italy.pdf,Completed,4,4,0,0,200,90,0.85,
3BH5I668___.pdf,3BH5I668___.pdf,Completed,2,2,0,0,200,90,1.77,
3BR275WN__Schwarzstein - 2016 - Ron English “NeoNature We Are the New They” at New CHG Space in Boyle Heights.pdf,3BR275WN__Schwarzstein - 2016 - Ron English “NeoNature We Are the New They” at New CHG Space in Boyle Heights.pdf,Completed,2,2,0,0,200,90,0.47,
3D2XRGZB__Brooklyn Street Art - 2018 - What’s On The Street In Madrid A Quick Survey.pdf,3D2XRGZB__Brooklyn Street Art - 2018 - What’s On The Street In Madrid A Quick Survey.pdf,Completed,1,1,0,0,200,90,0.23,
"3EIMMHLJ__Brooklyn Street Art - 2012 - Opera Gallery presents Ron English “Crucial Fiction” (Manhattan, NYC).pdf","3EIMMHLJ__Brooklyn Street Art - 2012 - Opera Gallery presents Ron English “Crucial Fiction” (Manhattan, NYC).pdf",Completed,2,2,0,0,200,90,0.48,
3F32JIX6__Shi - 2016 - A Pot-Themed Bodega Wraps New York City in a Cloud of Pop Art.pdf,3F32JIX6__Shi - 2016 - A Pot-Themed Bodega Wraps New York City in a Cloud of Pop Art.pdf,Completed,5,5,0,0,200,90,1.29,
"3GXZWC7L__Sampsel Preston Photography - 2008 - Saturday June 6th, Happy Birthday To Popaganda Artist Ron English, That's Today!.pdf","3GXZWC7L__Sampsel Preston Photography - 2008 - Saturday June 6th, Happy Birthday To Popaganda Artist Ron English, That's Today!.pdf",Completed,1,1,0,0,200,90,0.34,
3IU6H4ID__Betz - 1992 - Painting should be a lively art.pdf,3IU6H4ID__Betz - 1992 - Painting should be a lively art.pdf,Completed,1,1,0,0,200,90,1.02,
3IXBXQG5__Fox - 2016 - Ron English NeoNature @ Corey Helford Gallery.pdf,3IXBXQG5__Fox - 2016 - Ron English NeoNature @ Corey Helford Gallery.pdf,Completed,1,1,0,0,200,90,0.24,
3JXTLFKT__Moyer - Unknown - Pop Surrealism - Controversial artist brings social commentary show to McAllen.pdf,3JXTLFKT__Moyer - Unknown - Pop Surrealism - Controversial artist brings social commentary show to McAllen.pdf,Completed,1,1,0,0,200,90,0.56,
3K35XGMY___.pdf,3K35XGMY___.pdf,Completed,3,3,0,0,200,90,1.5,
3LLW5VJY__Caras - 2012 - Presidente Barack Obama ganha boneco em versão Incrível Hulk.pdf,3LLW5VJY__Caras - 2012 - Presidente Barack Obama ganha boneco em versão Incrível Hulk.pdf,Completed,1,1,0,0,200,90,0.24,
3MDRPDCJ__Mixed Grill - 2016 - Ron English maakt varianten op Guernica van Picasso.pdf,3MDRPDCJ__Mixed Grill - 2016 - Ron English maakt varianten op Guernica van Picasso.pdf,Completed,4,4,0,0,200,90,1.59,
"3MF3HQXA__Huete - 2015 - Corpocracy at the Station Museum, Houston(2).pdf","3MF3HQXA__Huete - 2015 - Corpocracy at the Station Museum, Houston(2).pdf",Completed,3,3,0,0,200,90,0.75,
3N366C3L__Korkidis - 2012 - Ron English Launches Virgin Romance Print With The Outsiders.pdf,3N366C3L__Korkidis - 2012 - Ron English Launches Virgin Romance Print With The Outsiders.pdf,Completed,1,1,0,0,200,90,0.29,
3NSQG7IT__English - 2006 - Ron English-Opera Gallery-New York(2).pdf,3NSQG7IT__English - 2006 - Ron English-Opera Gallery-New York(2).pdf,Completed,1,1,0,0,200,90,0.26,
3P5EQ3W6__Corey Helford Gallery - 2008 - Ron English(2).pdf,3P5EQ3W6__Corey Helford Gallery - 2008 - Ron English(2).pdf,Completed,3,3,0,0,200,90,0.83,
3PSATIV7___.pdf,3PSATIV7___.pdf,Completed,3,3,0,0,200,90,1.76,
3S3WS5U4__Art news march 1991.pdf,3S3WS5U4__Art news march 1991.pdf,Completed,2,2,0,0,200,90,1.04,
3TMUXIHD__Houston Press - 1992 - Ron English Pop America.pdf,3TMUXIHD__Houston Press - 1992 - Ron English Pop America.pdf,Completed,1,1,0,0,200,90,0.44,
3U9KRHU8__Art Design Café - 2009 - Green Day art show Ron English. 21st century breakdown grin.pdf,3U9KRHU8__Art Design Café - 2009 - Green Day art show Ron English. 21st century breakdown grin.pdf,Completed,1,1,0,0,200,90,0.24,
3URMWJFK__The Herald-Palladium - 2013 - Ron English at WFF(2).pdf,3URMWJFK__The Herald-Palladium - 2013 - Ron English at WFF(2).pdf,Completed,1,1,0,0,200,90,0.3,
3VIR28TF__Estiler - 2018 - Ron English Brings Delusionville to New York City's Allouche Gallery.pdf,3VIR28TF__Estiler - 2018 - Ron English Brings Delusionville to New York City's Allouche Gallery.pdf,Completed,3,3,0,0,200,90,0.82,
3WW8RK8U__Armand - 2015 - 10 Lyric III Instagrams To Follow – Musical Group Show Opens August 14th.pdf,3WW8RK8U__Armand - 2015 - 10 Lyric III Instagrams To Follow – Musical Group Show Opens August 14th.pdf,Completed,1,1,0,0,200,90,0.24,
3X2MM4J4__Goh - 2012 - Ron English Crucial Fiction @ Opera Gallery.pdf,3X2MM4J4__Goh - 2012 - Ron English Crucial Fiction @ Opera Gallery.pdf,Completed,5,5,0,0,200,90,1.54,
3X3DCKK9__Gondiola - 2007 - Guerrilla in Our Midst.pdf,3X3DCKK9__Gondiola - 2007 - Guerrilla in Our Midst.pdf,Completed,2,2,0,0,200,90,1.32,
3YJ3BJHP__Galperina - 2012 - Obama the Incredible Hulk by Ron English.pdf,3YJ3BJHP__Galperina - 2012 - Obama the Incredible Hulk by Ron English.pdf,Completed,1,1,0,0,200,90,0.26,
3YV4QEGG___.pdf,3YV4QEGG___.pdf,Completed,1,1,0,0,200,90,0.05,
3YXCN84E___.pdf,3YXCN84E___.pdf,Completed,1,1,0,0,200,90,0.69,
3ZQ662XN__Juxtapoz - 2014 - Opening Art Truancy Celebrating 20 Years of Juxtapoz Magazine @ Jonathan LeVine Gallery—The People.pdf,3ZQ662XN__Juxtapoz - 2014 - Opening Art Truancy Celebrating 20 Years of Juxtapoz Magazine @ Jonathan LeVine Gallery—The People.pdf,Completed,3,3,0,0,200,90,0.75,
45W6QK37___.pdf,45W6QK37___.pdf,Completed,2,2,0,0,200,90,0.65,
"47SMDAJ5__Casavecchia, Barbara - 2009 - Art Is Subversive - L’arte è sovversiva.pdf","47SMDAJ5__Casavecchia, Barbara - 2009 - Art Is Subversive - L’arte è sovversiva.pdf",Completed,3,3,0,0,200,90,1.38,
49Z6I932__Off - 2012 - Off the shelf.pdf,49Z6I932__Off - 2012 - Off the shelf.pdf,Completed,2,2,0,0,200,90,0.45,
4AEQGNQ9__Mural - 2018 - Interview with Ron English(2).pdf,4AEQGNQ9__Mural - 2018 - Interview with Ron English(2).pdf,Completed,5,5,0,0,200,90,1.21,
4AYVYZJN__Westall - 2014 - ART PICS Ron English ‘Death and the Eternal Forever’ Art Book Launch(2).pdf,4AYVYZJN__Westall - 2014 - ART PICS Ron English ‘Death and the Eternal Forever’ Art Book Launch(2).pdf,Completed,10,10,0,0,200,90,2.62,
4B3TYXWF__The Georgetowner - .pdf,4B3TYXWF__The Georgetowner - .pdf,Completed,1,1,0,0,200,90,0.52,
4B57CBWK__Lee - 2016 - Ron English Interview - Holding One's Breath Is Not an Effective Protest Against Air Pollution.pdf,4B57CBWK__Lee - 2016 - Ron English Interview - Holding One's Breath Is Not an Effective Protest Against Air Pollution.pdf,Completed,6,6,0,0,200,90,1.26,
4BCBY5Y7__Artlyst - 2015 - Ron English x artrepublic at Boxpark.pdf,4BCBY5Y7__Artlyst - 2015 - Ron English x artrepublic at Boxpark.pdf,Completed,1,1,0,0,200,90,0.23,
4BEEGNHD__Nylon Magazine - 2009 - Running with scissors.pdf,4BEEGNHD__Nylon Magazine - 2009 - Running with scissors.pdf,Completed,1,1,0,0,200,90,0.16,
4BP63Z58__Chang - 2020 - Ron English remembering John Hechinger Sr.pdf,4BP63Z58__Chang - 2020 - Ron English remembering John Hechinger Sr.pdf,Completed,9,9,0,0,200,90,1.86,
4C5V8DYZ__Corey Helford Gallery - 2011 - Combrat Carnival By Ron English.pdf,4C5V8DYZ__Corey Helford Gallery - 2011 - Combrat Carnival By Ron English.pdf,Completed,1,1,0,0,200,90,0.28,
4CIVC9HN__Plothe - 2004 - A Luxurious Visual Experience.pdf,4CIVC9HN__Plothe - 2004 - A Luxurious Visual Experience.pdf,Completed,3,3,0,0,200,90,0.6,
4CTB33HX__Cronin - 2017 - Down the Rabb(b)it Hole with Ron English.pdf,4CTB33HX__Cronin - 2017 - Down the Rabb(b)it Hole with Ron English.pdf,Completed,4,4,0,0,200,90,0.95,
4CTRCLLG__Art Street and Stories - 2017 - Ron English.pdf,4CTRCLLG__Art Street and Stories - 2017 - Ron English.pdf,Completed,99,99,0,0,200,90,17.2,
4D2QPBRY__1994 - Long Shot Vol 16.pdf,4D2QPBRY__1994 - Long Shot Vol 16.pdf,Completed,3,3,0,0,200,90,0.51,
"4E9GJIDD__Gray - 2015 - Guernica, Ron English & The Last Supper.pdf","4E9GJIDD__Gray - 2015 - Guernica, Ron English & The Last Supper.pdf",Completed,3,3,0,0,200,90,0.69,
4FDG4GIM___.pdf,4FDG4GIM___.pdf,Completed,2,2,0,0,200,90,0.67,
4FHXG833__Solomon - 2019 - Art Wynwood Can Satisfy Art Fever.pdf,4FHXG833__Solomon - 2019 - Art Wynwood Can Satisfy Art Fever.pdf,Completed,2,2,0,0,200,90,0.44,
4HBHAZHH__Ministry of Walls - 2008 - Ron English.pdf,4HBHAZHH__Ministry of Walls - 2008 - Ron English.pdf,Completed,1,1,0,0,200,90,0.23,
4IN2M6UK__Chaplin - 2003 - In Search of the Green Fairy.pdf,4IN2M6UK__Chaplin - 2003 - In Search of the Green Fairy.pdf,Completed,1,1,0,0,200,90,0.23,
4IY4ASDX__Aimful Books - 2019 - Join Legendary Street Artists.pdf,4IY4ASDX__Aimful Books - 2019 - Join Legendary Street Artists.pdf,Completed,1,1,0,0,200,90,0.28,
4J7VT238__Mural - 2018 - Interview with Ron English(3).pdf,4J7VT238__Mural - 2018 - Interview with Ron English(3).pdf,Completed,9,9,0,0,200,90,1.57,
4MT62ACF__Topper - 2020 - Ron English Showcases his Work at Pop International Galleries in Manhattan.pdf,4MT62ACF__Topper - 2020 - Ron English Showcases his Work at Pop International Galleries in Manhattan.pdf,Completed,2,2,0,0,200,90,0.52,
4NE7C8SL__Skull - 2017 - La POPaganda de Ron English(2).pdf,4NE7C8SL__Skull - 2017 - La POPaganda de Ron English(2).pdf,Completed,16,16,0,0,200,90,3.84,
4RGG66J5__Korero Press - 2008 - Ron English.pdf,4RGG66J5__Korero Press - 2008 - Ron English.pdf,Completed,1,1,0,0,200,90,0.27,
4RLG88MD__Estiler - 2020 - These Are the Best Artworks Releasing This Week(2).pdf,4RLG88MD__Estiler - 2020 - These Are the Best Artworks Releasing This Week(2).pdf,Completed,1,1,0,0,200,90,0.23,
4RYSL6IU__White Walls Gallery - 2009 - Aqua Art Miami Opens Today.pdf,4RYSL6IU__White Walls Gallery - 2009 - Aqua Art Miami Opens Today.pdf,Completed,4,4,0,0,200,90,1.19,
4SWW3G53__Levy - 2012 - Ron English “Status Faction” New Print Available Today.pdf,4SWW3G53__Levy - 2012 - Ron English “Status Faction” New Print Available Today.pdf,Completed,1,1,0,0,200,90,0.21,
4T95VBUM__Art Daily - 1992 - Tools in Motion Opens at Kresge Art Museum.pdf,4T95VBUM__Art Daily - 1992 - Tools in Motion Opens at Kresge Art Museum.pdf,Completed,1,1,0,0,200,90,0.22,
4TD3K7KA___.pdf,4TD3K7KA___.pdf,Completed,4,4,0,0,200,90,1.16,
4U5NAJVD__Art Daily - 2008 - The Elms Lesters Painting Rooms To Present The Adam and Ron.pdf,4U5NAJVD__Art Daily - 2008 - The Elms Lesters Painting Rooms To Present The Adam and Ron.pdf,Completed,2,2,0,0,200,90,0.39,
4VDVDYI9__Downtown magazine Art or Not by Susie Miles.pdf,4VDVDYI9__Downtown magazine Art or Not by Susie Miles.pdf,Completed,3,3,0,0,200,90,2.23,
4VHCNHJQ__White Walls Gallery - 2009 - Aqua Art Miami Opens Today.pdf,4VHCNHJQ__White Walls Gallery - 2009 - Aqua Art Miami Opens Today.pdf,Completed,6,6,0,0,200,90,1.53,
4VNHPCAN__ENGLISHTRANSLATIONSCATALOGUE.pdf,4VNHPCAN__ENGLISHTRANSLATIONSCATALOGUE.pdf,Completed,19,19,0,0,200,90,5.23,
4WGPIE64__1 - 2012 - Art Ron English Exhibition 10 - 20 May @ Webbs.pdf,4WGPIE64__1 - 2012 - Art Ron English Exhibition 10 - 20 May @ Webbs.pdf,Completed,2,2,0,0,200,90,0.41,
4WJU4G22__English - 2017 - Ron English 2017.pdf,4WJU4G22__English - 2017 - Ron English 2017.pdf,Completed,1,1,0,0,200,90,0.24,
4XI5MNJ9___.pdf,4XI5MNJ9___.pdf,Completed,3,3,0,0,200,90,1.16,
525NKLS5__Beale - 2008 - Abraham Obama by Ron English.pdf,525NKLS5__Beale - 2008 - Abraham Obama by Ron English.pdf,Completed,1,1,0,0,200,90,0.2,
"53BS4VIR__Art - 2015 - 50 Ways To Map The City, Per Street And Graffiti Artists.pdf","53BS4VIR__Art - 2015 - 50 Ways To Map The City, Per Street And Graffiti Artists.pdf",Completed,6,6,0,0,200,90,1.23,
53CPDVJZ__Staff - 2014 - Ron English Evolutionary Alternatives @ Tribeca Grand Hotel.pdf,53CPDVJZ__Staff - 2014 - Ron English Evolutionary Alternatives @ Tribeca Grand Hotel.pdf,Completed,1,1,0,0,200,90,0.26,
53HP3RPR__Juxtapoz - 2002 - Ron English A One-Man Popaganda Machine.pdf,53HP3RPR__Juxtapoz - 2002 - Ron English A One-Man Popaganda Machine.pdf,Completed,6,6,0,0,200,90,4.86,
53KU358Z__Galperina - 2011 - Ron English Killed Kenny.pdf,53KU358Z__Galperina - 2011 - Ron English Killed Kenny.pdf,Completed,1,1,0,0,200,90,0.2,
54HITLYH__Trippe - 2008 - Ron English @ Shooting Gallery.pdf,54HITLYH__Trippe - 2008 - Ron English @ Shooting Gallery.pdf,Completed,9,9,0,0,200,90,1.65,
54PPN253___.pdf,54PPN253___.pdf,Completed,1,1,0,0,200,90,0.33,
55YTYGGH__NSS Magazine - 2019 - A large collective exhibition celebrates Hello Kitty's 45th birthday.pdf,55YTYGGH__NSS Magazine - 2019 - A large collective exhibition celebrates Hello Kitty's 45th birthday.pdf,Completed,2,2,0,0,200,90,0.6,
56ET463H___.pdf,56ET463H___.pdf,Completed,2,2,0,0,200,90,0.87,
"56V7EK53__Yuddy - 2007 - Pop Art, Kiss Style.pdf","56V7EK53__Yuddy - 2007 - Pop Art, Kiss Style.pdf",Completed,1,1,0,0,200,90,0.88,
57JQIWRH___.pdf,57JQIWRH___.pdf,Completed,1,1,0,0,200,90,0.54,
57XNPJCI__Juggernut3 - 2010 - Openings “Family Tradition” curated by Ron English @ TT Underground Gallery.pdf,57XNPJCI__Juggernut3 - 2010 - Openings “Family Tradition” curated by Ron English @ TT Underground Gallery.pdf,Completed,2,2,0,0,200,90,0.53,
598XDS2D___.pdf,598XDS2D___.pdf,Completed,1,1,0,0,200,90,0.39,
59HBXUZ3__Amaze Magazine - 2021 - Ron English talks to Amaze Magazine.pdf,59HBXUZ3__Amaze Magazine - 2021 - Ron English talks to Amaze Magazine.pdf,Completed,1,1,0,0,200,90,0.4,
5AHERAT7___.pdf,5AHERAT7___.pdf,Completed,4,4,0,0,200,90,1.88,
5BQHZLBG__Corey Helford Gallery - 2011 - Combrats Raptor Reconnaissance By Ron English.pdf,5BQHZLBG__Corey Helford Gallery - 2011 - Combrats Raptor Reconnaissance By Ron English.pdf,Completed,1,1,0,0,200,90,0.18,
5BVZ4YID__1991 - Title Long Shot Vol 12.pdf,5BVZ4YID__1991 - Title Long Shot Vol 12.pdf,Completed,3,3,0,0,200,90,0.49,
5C9GSW55__Uberaura - 2016 - Ron English US Food and “Popaganda”.pdf,5C9GSW55__Uberaura - 2016 - Ron English US Food and “Popaganda”.pdf,Completed,3,3,0,0,200,90,0.67,
5CNDN8TH__Eller - 2020 - Ron English “POPaganda On Paper” A Virtual Exhibition Interview & Preview(4).pdf,5CNDN8TH__Eller - 2020 - Ron English “POPaganda On Paper” A Virtual Exhibition Interview & Preview(4).pdf,Completed,7,7,0,0,200,90,1.63,
5DE5V5RE__2021 - Favorite Artist Mine is Ron English!.pdf,5DE5V5RE__2021 - Favorite Artist Mine is Ron English!.pdf,Completed,5,5,0,0,200,90,1.3,
5DW4NNV2___.pdf,5DW4NNV2___.pdf,Completed,4,4,0,0,200,90,1.82,
5EH9TASJ__Theodore - 2007 - The art of English - Pop artist gives and 'English' lesson.pdf,5EH9TASJ__Theodore - 2007 - The art of English - Pop artist gives and 'English' lesson.pdf,Completed,2,2,0,0,200,90,1.27,
5F73EB48__Corey Helford Gallery - 2008 - Ron English.pdf,5F73EB48__Corey Helford Gallery - 2008 - Ron English.pdf,Completed,1,1,0,0,200,90,0.18,
5FXBNTFQ__Watkins - 1997 - Satiric look at religious images.pdf,5FXBNTFQ__Watkins - 1997 - Satiric look at religious images.pdf,Completed,1,1,0,0,200,90,1.34,
5GLB38IA__Welzenbach - 1992 - Who Framed Walt Disney.pdf,5GLB38IA__Welzenbach - 1992 - Who Framed Walt Disney.pdf,Completed,1,1,0,0,200,90,0.55,
5IATQ59J___.pdf,5IATQ59J___.pdf,Completed,3,3,0,0,200,90,2.13,
5JEXKS5Q__Ron Kretsch - 2017 - Popaganda New Work By Pop-Art Provocateur Ron English.pdf,5JEXKS5Q__Ron Kretsch - 2017 - Popaganda New Work By Pop-Art Provocateur Ron English.pdf,Completed,4,4,0,0,200,90,0.98,
5JFQI9DN___.pdf,5JFQI9DN___.pdf,Completed,1,1,0,0,200,90,0.24,
5JHEL6PF__Rushmore - 2011 - Preview of The Underbelly Show (and NEW LOCATION).pdf,5JHEL6PF__Rushmore - 2011 - Preview of The Underbelly Show (and NEW LOCATION).pdf,Completed,2,2,0,0,200,90,0.54,
5JUIY2I3__Fahsbender - 2011 - Ron English remix.pdf,5JUIY2I3__Fahsbender - 2011 - Ron English remix.pdf,Completed,3,3,0,0,200,90,1.48,
5KIZWU7T__Frank - 1960 - HuffPost Arts Interviews Ron English.pdf,5KIZWU7T__Frank - 1960 - HuffPost Arts Interviews Ron English.pdf,Completed,12,12,0,0,200,90,3.06,
5KN7WJDZ___.pdf,5KN7WJDZ___.pdf,Completed,2,2,0,0,200,90,1.54,
5M8S4IFT__Kim - 2013 - Street Fighter Art Show Tribute.pdf,5M8S4IFT__Kim - 2013 - Street Fighter Art Show Tribute.pdf,Completed,1,1,0,0,200,90,0.26,
5MCVESBW__Kim - 2009 - New Works by Ron English (7 paintings).pdf,5MCVESBW__Kim - 2009 - New Works by Ron English (7 paintings).pdf,Completed,4,4,0,0,200,90,0.95,
"5PBK4H8K__Ukstreetart @ukstreetart - 2008 - Visual Arts at Shangri-La, Glastonbury Festival with Ron English, Mark Jenkins, OBEY.pdf","5PBK4H8K__Ukstreetart @ukstreetart - 2008 - Visual Arts at Shangri-La, Glastonbury Festival with Ron English, Mark Jenkins, OBEY.pdf",Completed,1,1,0,0,200,90,0.25,
5PC2QPGL__Finijo - 2019 - Bricolage.pdf,5PC2QPGL__Finijo - 2019 - Bricolage.pdf,Completed,1,1,0,0,200,90,0.21,
5RLH4NTN___.pdf,5RLH4NTN___.pdf,Completed,36,36,0,0,200,90,10.34,
5SVTJEA4__Tutor - 2016 - Ron English’s “NEONATURE” at Corey Helford Gallery.pdf,5SVTJEA4__Tutor - 2016 - Ron English’s “NEONATURE” at Corey Helford Gallery.pdf,Completed,2,2,0,0,200,90,0.56,
5T33L99U___.pdf,5T33L99U___.pdf,Completed,2,2,0,0,200,90,0.91,
5T8JC83T__SNIC Blog - 2007 - Big Picture Pop by Ron English.pdf,5T8JC83T__SNIC Blog - 2007 - Big Picture Pop by Ron English.pdf,Completed,1,1,0,0,200,90,0.44,
5TG2WWI9__Resep Ku Ini - 2013 - Ron English Popagandastan The Hundreds.pdf,5TG2WWI9__Resep Ku Ini - 2013 - Ron English Popagandastan The Hundreds.pdf,Completed,2,2,0,0,200,90,0.51,
5TNB34WJ___.pdf,5TNB34WJ___.pdf,Completed,4,4,0,0,200,90,1.05,
"5UGRTNEF__Zhen - 2020 - Bense Art Space exhibits works by Ron English, Murakami, Futura.pdf","5UGRTNEF__Zhen - 2020 - Bense Art Space exhibits works by Ron English, Murakami, Futura.pdf",Completed,2,2,0,0,200,90,0.46,
5V7KCF9X__Bambic - 2014 - Why Ron English Paints Guernica.pdf,5V7KCF9X__Bambic - 2014 - Why Ron English Paints Guernica.pdf,Completed,5,5,0,0,200,90,1.36,
5VA4I5NQ__Eisinger - 2013 - Ron English Debuts New Solo Show In California.pdf,5VA4I5NQ__Eisinger - 2013 - Ron English Debuts New Solo Show In California.pdf,Completed,1,1,0,0,200,90,0.25,
5Z7KKHXS__Sleepboy - 2018 - Showing Ron English – “Delusionville” @ Allouche Gallery.pdf,5Z7KKHXS__Sleepboy - 2018 - Showing Ron English – “Delusionville” @ Allouche Gallery.pdf,Completed,5,5,0,0,200,90,1.61,
626BRZVG__English - 1974 - Comic - Lakeview High School.pdf,626BRZVG__English - 1974 - Comic - Lakeview High School.pdf,Completed,1,1,0,0,200,90,0.1,
634J347W___.pdf,634J347W___.pdf,Completed,4,4,0,0,200,90,1.89,
64L2PZHI__Zephyr - 1998 - Article by Zephyr – Ron English Interview.pdf,64L2PZHI__Zephyr - 1998 - Article by Zephyr – Ron English Interview.pdf,Completed,3,3,0,0,200,90,1.37,
"664USPSW__Juxtapoz - 2013 - Preview RON ENGLISH POPAGANDASTAN @ COREY HELFORD GALLERY, Culver City.pdf","664USPSW__Juxtapoz - 2013 - Preview RON ENGLISH POPAGANDASTAN @ COREY HELFORD GALLERY, Culver City.pdf",Completed,6,6,0,0,200,90,1.76,
66X8MTH5___.pdf,66X8MTH5___.pdf,Completed,3,3,0,0,200,90,1.87,
676I9YQV__The Gallery & Studio Team - 2001 - Putting Some English on Pop.pdf,676I9YQV__The Gallery & Studio Team - 2001 - Putting Some English on Pop.pdf,Completed,2,2,0,0,200,90,1.03,
67AMBWIY__Beale - 2010 - Photos Status Factory by Ron English at Opera Gallery New York(2).pdf,67AMBWIY__Beale - 2010 - Photos Status Factory by Ron English at Opera Gallery New York(2).pdf,Completed,7,7,0,0,200,90,1.85,
68VYQL26__Greicius - 2009 - The Rumpus Long Interview With Ron English.pdf,68VYQL26__Greicius - 2009 - The Rumpus Long Interview With Ron English.pdf,Completed,7,7,0,0,200,90,1.52,
69H8K7I9__Westall - 2012 - Preview Letters From America At Black Rat Projects Curated By Corey Helford Gallery.pdf,69H8K7I9__Westall - 2012 - Preview Letters From America At Black Rat Projects Curated By Corey Helford Gallery.pdf,Completed,3,3,0,0,200,90,0.7,
6CY23ETI__Red Truck Gallery - 2019 - Mojo Voodoo & Heavy Metal Muzick Ron English Brings Some Pop to New Orleans.pdf,6CY23ETI__Red Truck Gallery - 2019 - Mojo Voodoo & Heavy Metal Muzick Ron English Brings Some Pop to New Orleans.pdf,Completed,3,3,0,0,200,90,0.81,
6DR7S6YF___.pdf,6DR7S6YF___.pdf,Completed,1,1,0,0,200,90,0.21,
6E967E4J__Review - Unknown - Review.pdf,6E967E4J__Review - Unknown - Review.pdf,Completed,1,1,0,0,200,90,0.39,
6G9P8FNL__On the Wall - 2017 - Ron english.pdf,6G9P8FNL__On the Wall - 2017 - Ron english.pdf,Completed,5,5,0,0,200,90,1.17,
6GVPLFGX__Mutant - 1991 - Applying ENGLISH to POP ART.pdf,6GVPLFGX__Mutant - 1991 - Applying ENGLISH to POP ART.pdf,Completed,2,2,0,0,200,90,0.77,
6IRH3DL5__Juxtapoz - 2017 - Ron English Stops In Hong Kong On His East meets west Asia Tour.pdf,6IRH3DL5__Juxtapoz - 2017 - Ron English Stops In Hong Kong On His East meets west Asia Tour.pdf,Completed,4,4,0,0,200,90,1.18,
6JLNFCUB__Rushmore - 2011 - Anonymous Gallery at Wooster Street Social Club.pdf,6JLNFCUB__Rushmore - 2011 - Anonymous Gallery at Wooster Street Social Club.pdf,Completed,1,1,0,0,200,90,0.25,
6K3IBNVM__Petrick - 2005 - Who owns Barbie Copiright owners and artists disagree.pdf,6K3IBNVM__Petrick - 2005 - Who owns Barbie Copiright owners and artists disagree.pdf,Completed,1,1,0,0,200,90,0.2,
6KPKGVKU__Hypebeast - 2009 - Grin by Ron English Exhibition.pdf,6KPKGVKU__Hypebeast - 2009 - Grin by Ron English Exhibition.pdf,Completed,1,1,0,0,200,90,0.19,
6KZ4K9K8__Hart - 2014 - Marlboro Boy And Fat Ronald The Brand-Jamming Art Of Ron English.pdf,6KZ4K9K8__Hart - 2014 - Marlboro Boy And Fat Ronald The Brand-Jamming Art Of Ron English.pdf,Completed,5,5,0,0,200,90,1.3,
6L3MDXRF___.pdf,6L3MDXRF___.pdf,Completed,3,3,0,0,200,90,2.02,
6LRAXSRU__Palm Beach Daily News - 1993 - Exhibit.pdf,6LRAXSRU__Palm Beach Daily News - 1993 - Exhibit.pdf,Completed,1,1,0,0,200,90,0.14,
6LV5N7FG__Garcia - 2009 - Artist Brings 'Abraham Obama' to Seoul.pdf,6LV5N7FG__Garcia - 2009 - Artist Brings 'Abraham Obama' to Seoul.pdf,Completed,3,3,0,0,200,90,0.6,
"6NZETSFV__New York Times aug 4, 1996 Pop Art Stendhal Gallery.pdf","6NZETSFV__New York Times aug 4, 1996 Pop Art Stendhal Gallery.pdf",Completed,1,1,0,0,200,90,0.3,
6PQ3CFKP___.pdf,6PQ3CFKP___.pdf,Completed,3,3,0,0,200,90,1.22,
6QJ8X94R___.pdf,6QJ8X94R___.pdf,Completed,2,2,0,0,200,90,0.85,
"6R94NYHF__Cartwheel Art - 2013 - Miami 2013 At Mana Wynwood, Flaunt Magazine’s “Affordable Care,” Ron English.pdf","6R94NYHF__Cartwheel Art - 2013 - Miami 2013 At Mana Wynwood, Flaunt Magazine’s “Affordable Care,” Ron English.pdf",Completed,1,1,0,0,200,90,0.27,
6RFVYBCK__Gallery - 2021 - Ron English Brand Royalty(2).pdf,6RFVYBCK__Gallery - 2021 - Ron English Brand Royalty(2).pdf,Completed,13,13,0,0,200,90,2.59,
6RIB3REH__Financial Review - 2015 - Street artist Ron English confronts death and the eternal(2).pdf,6RIB3REH__Financial Review - 2015 - Street artist Ron English confronts death and the eternal(2).pdf,Completed,2,2,0,0,200,90,0.47,
6RSGPKRF__Arrested Motion - 2010 - Openings Ron English – “Status Factory” @ Opera Gallery.pdf,6RSGPKRF__Arrested Motion - 2010 - Openings Ron English – “Status Factory” @ Opera Gallery.pdf,Completed,6,6,0,0,200,90,1.67,
6T759FKX___.pdf,6T759FKX___.pdf,Completed,1,1,0,0,200,90,0.36,
6TAMDV3I__Juxtapoz - 1999 - Revelations Book II - The Story of the Millennium Messiah.pdf,6TAMDV3I__Juxtapoz - 1999 - Revelations Book II - The Story of the Millennium Messiah.pdf,Completed,2,2,0,0,200,90,1.63,
6TIP94ZF__Kordic - 2016 - The Art of Ron English.pdf,6TIP94ZF__Kordic - 2016 - The Art of Ron English.pdf,Completed,8,8,0,0,200,90,1.4,
6WETM8RY__Juxtapoz - 2013 - Juxtapoz Presents A Studio Visit with Ron English.pdf,6WETM8RY__Juxtapoz - 2013 - Juxtapoz Presents A Studio Visit with Ron English.pdf,Completed,6,6,0,0,200,90,1.78,
6WXYKYRW__Street Artist - 2011 - Print Release Ron English – Grade School Guernica.pdf,6WXYKYRW__Street Artist - 2011 - Print Release Ron English – Grade School Guernica.pdf,Completed,1,1,0,0,200,90,0.22,
6XSVTCLE___.pdf,6XSVTCLE___.pdf,Completed,1,1,0,0,200,90,0.74,
"6YBVZ8VM__Allouche Gallery - 2021 - Delusionville Paint Jam, 2021.pdf","6YBVZ8VM__Allouche Gallery - 2021 - Delusionville Paint Jam, 2021.pdf",Completed,13,13,0,0,200,90,2.32,
6YEF8CKH__Mufson - 2015 - Ron English s Incredible Hybrid Animals.pdf,6YEF8CKH__Mufson - 2015 - Ron English s Incredible Hybrid Animals.pdf,Completed,7,7,0,0,200,90,1.65,
"6YU8M3F9__Street Art EKB - 2011 - Граффити и стрит-арт. Дайджест за лето 2011 года. Часть 6. Мир. Новые выставки, экспозиции.pdf","6YU8M3F9__Street Art EKB - 2011 - Граффити и стрит-арт. Дайджест за лето 2011 года. Часть 6. Мир. Новые выставки, экспозиции.pdf",Completed,1,1,0,0,200,90,0.26,
6ZU384N5__Mural - 2018 - Interview with Ron English.pdf,6ZU384N5__Mural - 2018 - Interview with Ron English.pdf,Completed,7,7,0,0,200,90,1.79,
725D2HEX__Art Price - 1946 - Las obras de regadío en el sur - Copy.pdf,725D2HEX__Art Price - 1946 - Las obras de regadío en el sur - Copy.pdf,Completed,1,1,0,0,200,90,0.36,
74ZJWQDA__Hung - 2016 - Corpocracy.pdf,74ZJWQDA__Hung - 2016 - Corpocracy.pdf,Completed,3,3,0,0,200,90,0.56,
75Z9ZFIZ___.pdf,75Z9ZFIZ___.pdf,Completed,7,7,0,0,200,90,5.97,
764MBRWQ__Lifshutz - 2013 - Latest In Pop Art.pdf,764MBRWQ__Lifshutz - 2013 - Latest In Pop Art.pdf,Completed,2,2,0,0,200,90,0.39,
77SXE84Y__Kim - 2020 - Ron English Unveils Silver 'Temper Tot' Sculpture(3).pdf,77SXE84Y__Kim - 2020 - Ron English Unveils Silver 'Temper Tot' Sculpture(3).pdf,Completed,1,1,0,0,200,90,0.24,
77XWDFZ5__Rushmore - 2010 - Ron English paints Homer Simpson.pdf,77XWDFZ5__Rushmore - 2010 - Ron English paints Homer Simpson.pdf,Completed,1,1,0,0,200,90,0.21,
77Y5YZ7Q__Portrait Howdy Neighbor Couch - Unknown - Ron English -Artist´s Studio.pdf,77Y5YZ7Q__Portrait Howdy Neighbor Couch - Unknown - Ron English -Artist´s Studio.pdf,Completed,1,1,0,0,200,90,0.24,
78AZQW9C___.pdf,78AZQW9C___.pdf,Completed,6,6,0,0,200,90,1.86,
78BFYAYL__English - 2016 - Ron English通过现代艺术再现毕加索经典画作《Guernica》.pdf,78BFYAYL__English - 2016 - Ron English通过现代艺术再现毕加索经典画作《Guernica》.pdf,Completed,2,2,0,0,200,90,0.59,
7AJNVIH5__Brooklyn Street Art - 2012 - “The Streets Of The World” Converge At Opera Gallery Tonight”.pdf,7AJNVIH5__Brooklyn Street Art - 2012 - “The Streets Of The World” Converge At Opera Gallery Tonight”.pdf,Completed,1,1,0,0,200,90,0.25,
7BD62PBJ___.pdf,7BD62PBJ___.pdf,Completed,1,1,0,0,200,90,0.45,
7DL6C9QC__Absolut - 1991 - Absolut Ad.pdf,7DL6C9QC__Absolut - 1991 - Absolut Ad.pdf,Completed,2,2,0,0,200,90,0.76,
7DZME32Z__EV Grieve - 2020 - Bowery-based gallery hosting online 'Collect For C.pdf,7DZME32Z__EV Grieve - 2020 - Bowery-based gallery hosting online 'Collect For C.pdf,Completed,8,8,0,0,200,90,2.11,
7GFZM4I6___.pdf,7GFZM4I6___.pdf,Completed,2,2,0,0,200,90,0.38,
7IJUKLQC__The Watch CO - 2017 - TOYBOX Exhibit by Ron English is Coming to Los Angeles.pdf,7IJUKLQC__The Watch CO - 2017 - TOYBOX Exhibit by Ron English is Coming to Los Angeles.pdf,Completed,1,1,0,0,200,90,0.27,
7IZNLY9P__Westall - 2010 - Ron English “Status Factory” Exhibition(2).pdf,7IZNLY9P__Westall - 2010 - Ron English “Status Factory” Exhibition(2).pdf,Completed,3,3,0,0,200,90,0.79,
7J55YDDM__Huacuz - 2018 - Urban Nation el arte como arquitecto social.pdf,7J55YDDM__Huacuz - 2018 - Urban Nation el arte como arquitecto social.pdf,Completed,1,1,0,0,200,90,0.23,
7KBSXZ6W__Artsy - 2008 - Ron English.pdf,7KBSXZ6W__Artsy - 2008 - Ron English.pdf,Completed,26,26,0,0,200,90,5.78,
7KEW8XUB__AFineLyne - 2018 - Ron English returns to Allouche Gallery with Delusionville.pdf,7KEW8XUB__AFineLyne - 2018 - Ron English returns to Allouche Gallery with Delusionville.pdf,Completed,2,2,0,0,200,90,0.49,
7LFQ4QHS__Dansby - 2006 - ART High Crimes and Missed Demeanors.pdf,7LFQ4QHS__Dansby - 2006 - ART High Crimes and Missed Demeanors.pdf,Completed,2,2,0,0,200,90,0.77,
7LSA89YM___.pdf,7LSA89YM___.pdf,Completed,1,1,0,0,200,90,0.38,
7MGUC72S__conz - 2018 - For the last two years I followed Street Artist Ron English for a documentary about his life. I thin.pdf,7MGUC72S__conz - 2018 - For the last two years I followed Street Artist Ron English for a documentary about his life. I thin.pdf,Completed,6,6,0,0,200,90,1.2,
"7N592PBN__A Esthetica Magazine - 2011 - Postmodernist Appropriation, Ron English Skin Deep, Lazarides Gallery, London(2).pdf","7N592PBN__A Esthetica Magazine - 2011 - Postmodernist Appropriation, Ron English Skin Deep, Lazarides Gallery, London(2).pdf",Completed,2,2,0,0,200,90,0.49,
7NSKTFAE__English - Unknown - Photo - Trompe l'oeil - Poker.pdf,7NSKTFAE__English - Unknown - Photo - Trompe l'oeil - Poker.pdf,Completed,1,1,0,0,200,90,0.68,
7PH27CX5__Jack - 2019 - The Opening Of Ron English’s ‘English Translation Series’ In Shenzhen.pdf,7PH27CX5__Jack - 2019 - The Opening Of Ron English’s ‘English Translation Series’ In Shenzhen.pdf,Completed,13,13,0,0,200,90,3.74,
"7RQXQQB4__Juxtapoz - 2020 - Daniel Johnston January 22, 1961 – September 11, 2019.pdf","7RQXQQB4__Juxtapoz - 2020 - Daniel Johnston January 22, 1961 – September 11, 2019.pdf",Completed,3,3,0,0,200,90,0.72,
7RSIPR3Z__Joyce - 1998 - Art Form or Commercial Sabotage.pdf,7RSIPR3Z__Joyce - 1998 - Art Form or Commercial Sabotage.pdf,Completed,1,1,0,0,200,90,0.31,
7S6RU488__PoPaganda - 2011 - Who is Ron English.pdf,7S6RU488__PoPaganda - 2011 - Who is Ron English.pdf,Completed,7,7,0,0,200,90,2.59,
7T3JPNJA__Macarron - ALLOUCHE GALLERY OPENS NEW MEATPACKING DISTRICT SPACE.pdf,7T3JPNJA__Macarron - ALLOUCHE GALLERY OPENS NEW MEATPACKING DISTRICT SPACE.pdf,Completed,3,3,0,0,200,90,0.78,
7TCCD3FM__Gpen - 2017 - Ron English Toybox America In The Visuals One.pdf,7TCCD3FM__Gpen - 2017 - Ron English Toybox America In The Visuals One.pdf,Completed,16,16,0,0,200,90,4.45,
7THTGMYD__Entertainment Weekly - 1997 - Illustraition - Ron English.pdf,7THTGMYD__Entertainment Weekly - 1997 - Illustraition - Ron English.pdf,Completed,2,2,0,0,200,90,1.03,
7UTP5Q9Z___.pdf,7UTP5Q9Z___.pdf,Completed,1,1,0,0,200,90,0.37,
7V4LFAB3__Yang - 2019 - English's artworks debut in SZ.pdf,7V4LFAB3__Yang - 2019 - English's artworks debut in SZ.pdf,Completed,2,2,0,0,200,90,0.36,
7VSR3MLG__Zephyr - 2001 - English 101 - While we were sleeping.pdf,7VSR3MLG__Zephyr - 2001 - English 101 - While we were sleeping.pdf,Completed,2,2,0,0,200,90,1.35,
7Y8DZ9I9___.pdf,7Y8DZ9I9___.pdf,Completed,3,3,0,0,200,90,2.19,
"7YA928TY__BradCTucker - 2017 - Street Artist Ron English on “Toybox America in the visuals”, embracing your inner childhood.pdf","7YA928TY__BradCTucker - 2017 - Street Artist Ron English on “Toybox America in the visuals”, embracing your inner childhood.pdf",Completed,6,6,0,0,200,90,1.37,
7YB3HCKQ__The Worley Gig - 2016 - Corey Helford Gallery Presents Ron English’s NeoNature Exhibit at New Space in Downtown LA!.pdf,7YB3HCKQ__The Worley Gig - 2016 - Corey Helford Gallery Presents Ron English’s NeoNature Exhibit at New Space in Downtown LA!.pdf,Completed,9,9,0,0,200,90,2.28,
7YWGACB9__Zuriaga - 2018 - Ron English regresa en su exposición Deslusionville.pdf,7YWGACB9__Zuriaga - 2018 - Ron English regresa en su exposición Deslusionville.pdf,Completed,4,4,0,0,200,90,0.99,
7ZSMXQGZ__Corey Helford Gallery - 2015 - Brown Acid Trip By Ron English.pdf,7ZSMXQGZ__Corey Helford Gallery - 2015 - Brown Acid Trip By Ron English.pdf,Completed,1,1,0,0,200,90,0.21,
7ZX28M4Q__Sleepboy - 2016 - SDCC ’16 South Park 20th Anniversary Art Show.pdf,7ZX28M4Q__Sleepboy - 2016 - SDCC ’16 South Park 20th Anniversary Art Show.pdf,Completed,5,5,0,0,200,90,1.54,
8226XJR2__Juxtapoz - 2018 - Matthew Namour Gallery Opens a New Group Show With Ron English and More.pdf,8226XJR2__Juxtapoz - 2018 - Matthew Namour Gallery Opens a New Group Show With Ron English and More.pdf,Completed,1,1,0,0,200,90,0.2,
829EYZIJ__Goh - 2012 - Ron English “Crucial Fiction” Exhibition @ Opera Gallery.pdf,829EYZIJ__Goh - 2012 - Ron English “Crucial Fiction” Exhibition @ Opera Gallery.pdf,Completed,1,1,0,0,200,90,0.29,
82SNK2VW__Mullan - 2016 - Corpocracy Engaged Art In Practice.pdf,82SNK2VW__Mullan - 2016 - Corpocracy Engaged Art In Practice.pdf,Completed,8,8,0,0,200,90,1.96,
83YPPYH8___.pdf,83YPPYH8___.pdf,Completed,2,2,0,0,200,90,1.38,
847MGQSZ__TrustPigs - 2013 - Available Now Ron English's Big Boner original sketch!!!.pdf,847MGQSZ__TrustPigs - 2013 - Available Now Ron English's Big Boner original sketch!!!.pdf,Completed,1,1,0,0,200,90,0.21,
84UHA573__Beale - 2009 - New Paintings by Ron English Nimbus Vapor Street Art Exhibit in NYC.pdf,84UHA573__Beale - 2009 - New Paintings by Ron English Nimbus Vapor Street Art Exhibit in NYC.pdf,Completed,2,2,0,0,200,90,0.46,
854PXHDV__Estiler - 2018 - Immerse Yourself in Ron English's Chaotic Delusionville Exhibition.pdf,854PXHDV__Estiler - 2018 - Immerse Yourself in Ron English's Chaotic Delusionville Exhibition.pdf,Completed,21,21,0,0,200,90,5.13,
866QGWP5___.pdf,866QGWP5___.pdf,Completed,2,2,0,0,200,90,1.0,
873M6B8T___.pdf,873M6B8T___.pdf,Completed,5,5,0,0,200,90,2.81,
87CSJ334___.pdf,87CSJ334___.pdf,Completed,4,4,0,0,200,90,0.82,
87Q2R366__El Correo - 2021 - Ron English presenta la exposición 'Reimaginando el Guernica'.pdf,87Q2R366__El Correo - 2021 - Ron English presenta la exposición 'Reimaginando el Guernica'.pdf,Completed,1,1,0,0,200,90,0.29,
8A4F27LD__Pereira - 2016 - Ron English Paintings of Guernica Finally in an Exhibition in NY.pdf,8A4F27LD__Pereira - 2016 - Ron English Paintings of Guernica Finally in an Exhibition in NY.pdf,Completed,1,1,0,0,200,90,0.24,
8AUUC6S7___.pdf,8AUUC6S7___.pdf,Completed,1,1,0,0,200,90,0.55,
8CZYK2UY___.pdf,8CZYK2UY___.pdf,Completed,2,2,0,0,200,90,0.95,
"8DAQXV4J__Glentzer - 2016 - Exhibit of works by activist artists is subversive, thoughtful, hilarious.pdf","8DAQXV4J__Glentzer - 2016 - Exhibit of works by activist artists is subversive, thoughtful, hilarious.pdf",Completed,1,1,0,0,200,90,0.25,
8E95S4PK___.pdf,8E95S4PK___.pdf,Completed,6,6,0,0,200,90,4.18,
8F7AUWEW__Very Nearly Almost - 2015 - Ron English – Sketchbox – Mini Interview.pdf,8F7AUWEW__Very Nearly Almost - 2015 - Ron English – Sketchbox – Mini Interview.pdf,Completed,5,5,0,0,200,90,1.15,
8FNI3WYE___.pdf,8FNI3WYE___.pdf,Completed,1,1,0,0,200,90,0.12,
8FSHHYSC__Juxtapoz - 2019 - Mojo Voodoo & Heavy Metal Muzick Ron English Brings Some Pop to New Orleans.pdf,8FSHHYSC__Juxtapoz - 2019 - Mojo Voodoo & Heavy Metal Muzick Ron English Brings Some Pop to New Orleans.pdf,Completed,2,2,0,0,200,90,0.52,
"8G9SRSR5__20 minutos - 2016 - 'Azúcar alto', el arte grotesco de Ron English.pdf","8G9SRSR5__20 minutos - 2016 - 'Azúcar alto', el arte grotesco de Ron English.pdf",Completed,6,6,0,0,200,90,1.45,
8GGDVRUN__Tokyo International Art Fair - 2019 - Tokyo International Art Fair.pdf,8GGDVRUN__Tokyo International Art Fair - 2019 - Tokyo International Art Fair.pdf,Completed,2,2,0,0,200,90,0.42,
8GLPYL6M__The Philippine Star - 2015 - A night for the arts.pdf,8GLPYL6M__The Philippine Star - 2015 - A night for the arts.pdf,Completed,1,1,0,0,200,90,0.81,
8J4K6FWJ__The Star Ledger feb 14 1997 Satiric look at religious images .pdf,8J4K6FWJ__The Star Ledger feb 14 1997 Satiric look at religious images .pdf,Completed,1,1,0,0,200,90,0.29,
8KGJYACL__Beale - 2010 - Ron English Painting Homer Simpson as Jackson Pollock.pdf,8KGJYACL__Beale - 2010 - Ron English Painting Homer Simpson as Jackson Pollock.pdf,Completed,1,1,0,0,200,90,0.38,
8KLMYT2B___.pdf,8KLMYT2B___.pdf,Completed,2,2,0,0,200,90,0.96,
"8KMBDWDQ__Celdrán - 2012 - Un avión convertido en calavera, Teletubbies macabros, banderas de EE UU modificadas.pdf","8KMBDWDQ__Celdrán - 2012 - Un avión convertido en calavera, Teletubbies macabros, banderas de EE UU modificadas.pdf",Completed,1,1,0,0,200,90,0.28,
8KPIIZMV__Invisiblemadevisible @imv_streetart - 2011 - Ron English — Grade School Guernica Print.pdf,8KPIIZMV__Invisiblemadevisible @imv_streetart - 2011 - Ron English — Grade School Guernica Print.pdf,Completed,1,1,0,0,200,90,0.22,
8KYDTZE6___.pdf,8KYDTZE6___.pdf,Completed,2,2,0,0,200,90,0.45,
8MRIR8QW__Go Green Machine - 2012 - “Ninja Chillin’ ” By Ron English (( 2012 )).pdf,8MRIR8QW__Go Green Machine - 2012 - “Ninja Chillin’ ” By Ron English (( 2012 )).pdf,Completed,2,2,0,0,200,90,0.44,
8MW9HAXS___.pdf,8MW9HAXS___.pdf,Completed,2,2,0,0,200,90,0.74,
8QTJQGH4__Wong - 1992 - Ron English Speaks a Language all his Own - Copy.pdf,8QTJQGH4__Wong - 1992 - Ron English Speaks a Language all his Own - Copy.pdf,Completed,3,3,0,0,200,90,1.42,
8SWZEIMW__Rosenzweig - 2009 - Ron English's Immortal Underground Exhibit Opens At Opera.pdf,8SWZEIMW__Rosenzweig - 2009 - Ron English's Immortal Underground Exhibit Opens At Opera.pdf,Completed,5,5,0,0,200,90,1.16,
8SXHFDBM__Vidal - 2016 - Ron English.pdf,8SXHFDBM__Vidal - 2016 - Ron English.pdf,Completed,8,8,0,0,200,90,1.78,
8TEUAJJJ__Allouche Gallery - 2016 - Ron English  Guernica.pdf,8TEUAJJJ__Allouche Gallery - 2016 - Ron English  Guernica.pdf,Completed,20,20,0,0,200,90,5.18,
8VJK846N___.pdf,8VJK846N___.pdf,Completed,6,6,0,0,200,90,4.9,
8W54LGSW__Juxtapoz - 2014 - Art Truancy—20 Years of Cover Artists.pdf,8W54LGSW__Juxtapoz - 2014 - Art Truancy—20 Years of Cover Artists.pdf,Completed,2,2,0,0,200,90,0.49,
8WT6E2G4__Huacuz - 2020 - Ron English – POPaganda On Paper.pdf,8WT6E2G4__Huacuz - 2020 - Ron English – POPaganda On Paper.pdf,Completed,3,3,0,0,200,90,0.75,
8WUMKS2X___.pdf,8WUMKS2X___.pdf,Completed,2,2,0,0,200,90,0.13,
8XJI9JJL__Ruano - 2009 - Ron English Lazarus Rising Exhibition.pdf,8XJI9JJL__Ruano - 2009 - Ron English Lazarus Rising Exhibition.pdf,Completed,3,3,0,0,200,90,0.71,
"8XQ8RGZ5__Page - 2012 - Crucial Fiction, Ron English Solo Art Exhibition at Opera Gallery in NYC.pdf","8XQ8RGZ5__Page - 2012 - Crucial Fiction, Ron English Solo Art Exhibition at Opera Gallery in NYC.pdf",Completed,6,6,0,0,200,90,1.68,
8XX29QKN__O'Brien - 2012 - Ron English Mini Interview.pdf,8XX29QKN__O'Brien - 2012 - Ron English Mini Interview.pdf,Completed,1,1,0,0,200,90,0.21,
8XZHGZXZ__Lickstein - 2009 - Ron English – Lazarus Rising.pdf,8XZHGZXZ__Lickstein - 2009 - Ron English – Lazarus Rising.pdf,Completed,2,2,0,0,200,90,0.46,
8YJPXDHN___.pdf,8YJPXDHN___.pdf,Completed,1,1,0,0,200,90,0.27,
8YSIAUAS__Dola - 2017 - Ron English Presents - Toybox America In The Visuals - Opening Night!.pdf,8YSIAUAS__Dola - 2017 - Ron English Presents - Toybox America In The Visuals - Opening Night!.pdf,Completed,1,1,0,0,200,90,0.25,
8ZG5VH8V__Juggernut3 - 2012 - Openings Ron English – “Crucial Fiction” @ Opera Gallery (New York).pdf,8ZG5VH8V__Juggernut3 - 2012 - Openings Ron English – “Crucial Fiction” @ Opera Gallery (New York).pdf,Completed,24,24,0,0,200,90,7.14,
"93DDWXL7__Blazenhoff - 2012 - Détournement Signs of the Times, A Group Exhibition at Jonathan LeVine Gallery.pdf","93DDWXL7__Blazenhoff - 2012 - Détournement Signs of the Times, A Group Exhibition at Jonathan LeVine Gallery.pdf",Completed,3,3,0,0,200,90,0.77,
93HH2WW6__St. Art Gallery - 2008 - Ron English.pdf,93HH2WW6__St. Art Gallery - 2008 - Ron English.pdf,Completed,1,1,0,0,200,90,0.26,
93JBU9H6__Heritage Auctions - 2006 - Ron English (American b.1960).pdf,93JBU9H6__Heritage Auctions - 2006 - Ron English (American b.1960).pdf,Completed,1,1,0,0,200,90,0.24,
96GXP7NN__Juxtapoz - 2012 - IN L.A. Crucifixion group show @ Corey Helford Gallery.pdf,96GXP7NN__Juxtapoz - 2012 - IN L.A. Crucifixion group show @ Corey Helford Gallery.pdf,Completed,1,1,0,0,200,90,0.26,
97AG3TME___.pdf,97AG3TME___.pdf,Completed,3,3,0,0,200,90,1.58,
"982WBGRX__Harris - 2014 - POPaganda! A Conversation with Ron English, The Godfather of street art.pdf","982WBGRX__Harris - 2014 - POPaganda! A Conversation with Ron English, The Godfather of street art.pdf",Completed,7,7,0,0,200,90,1.52,
995VGV6W__Sleepboy - 2015 - Previews Ron English – “NeoNature” @ Corey Helford Gallery.pdf,995VGV6W__Sleepboy - 2015 - Previews Ron English – “NeoNature” @ Corey Helford Gallery.pdf,Completed,7,7,0,0,200,90,1.72,
9AAMIWKW__Hypebeast - 2007 - Big Picture Pop by Ron English.pdf,9AAMIWKW__Hypebeast - 2007 - Big Picture Pop by Ron English.pdf,Completed,1,1,0,0,200,90,0.22,
9AXGKQYE__Armand - 2014 - Ron English Returns With The 6-Color Screen Print Captain Caption For Pow Wow 2014.pdf,9AXGKQYE__Armand - 2014 - Ron English Returns With The 6-Color Screen Print Captain Caption For Pow Wow 2014.pdf,Completed,6,6,0,0,200,90,1.41,
9BLC5CWD__Bolsa de Arte - 2014 - O Pop Ron English No Brasil.pdf,9BLC5CWD__Bolsa de Arte - 2014 - O Pop Ron English No Brasil.pdf,Completed,1,1,0,0,200,90,0.2,
9DKLZA3J__Russell - 1980 - Lenonon Remembered.pdf,9DKLZA3J__Russell - 1980 - Lenonon Remembered.pdf,Completed,1,1,0,0,200,90,0.47,
9DNQWCNR__Juxtapoz - 2012 - In L.A. Dum English Launch Party.pdf,9DNQWCNR__Juxtapoz - 2012 - In L.A. Dum English Launch Party.pdf,Completed,24,24,0,0,200,90,6.1,
9DPGPRXM__Ron-English-You-are-Not-Here-revisited.pdf,9DPGPRXM__Ron-English-You-are-Not-Here-revisited.pdf,Completed,2,2,0,0,200,90,0.44,
9EJZ2F58___.pdf,9EJZ2F58___.pdf,Completed,2,2,0,0,200,90,1.37,
9G3IIRPD___.pdf,9G3IIRPD___.pdf,Completed,7,7,0,0,200,90,5.29,
9G8B6MWN__Supersonic Art - 2017 - Ron English’s “TOYBOX America in the Visuals” at Corey Helford Gallery.pdf,9G8B6MWN__Supersonic Art - 2017 - Ron English’s “TOYBOX America in the Visuals” at Corey Helford Gallery.pdf,Completed,2,2,0,0,200,90,0.58,
9GBX8UGP__Ruano - 2010 - Ron English x The Simpsons 20th Anniversary Episode.pdf,9GBX8UGP__Ruano - 2010 - Ron English x The Simpsons 20th Anniversary Episode.pdf,Completed,1,1,0,0,200,90,0.24,
9HLGJNXI___.pdf,9HLGJNXI___.pdf,Completed,3,3,0,0,200,90,1.83,
9I3V36TL__PoPaganda - 2012 - The electric illuminati songs in English now on Itunes.pdf,9I3V36TL__PoPaganda - 2012 - The electric illuminati songs in English now on Itunes.pdf,Completed,1,1,0,0,200,90,0.13,
9INTGKGC__Rushmore - 2009 - Ron English at Elms Lesters.pdf,9INTGKGC__Rushmore - 2009 - Ron English at Elms Lesters.pdf,Completed,3,3,0,0,200,90,0.75,
9IXHUHD2__Heritage Auctions - 2006 - RON ENGLISH (American b.1960) Captain Impossible.pdf,9IXHUHD2__Heritage Auctions - 2006 - RON ENGLISH (American b.1960) Captain Impossible.pdf,Completed,1,1,0,0,200,90,0.27,
9JUUWUQF__English - 2009 - Detail from Abraham Obama.pdf,9JUUWUQF__English - 2009 - Detail from Abraham Obama.pdf,Completed,1,1,0,0,200,90,0.12,
9JYDWQH2__Juggernut3 - 2010 - Preview Ron English – “Status Factory” @ Opera Gallery.pdf,9JYDWQH2__Juggernut3 - 2010 - Preview Ron English – “Status Factory” @ Opera Gallery.pdf,Completed,5,5,0,0,200,90,1.24,
9KASELWK__Juxtapoz - 2012 - Ron English on Cover of The Stranger.pdf,9KASELWK__Juxtapoz - 2012 - Ron English on Cover of The Stranger.pdf,Completed,1,1,0,0,200,90,0.22,
"9KGBRNTP__Beale - 2007 - Big Picture Pop, Ron English at Opera Gallery in NYC.pdf","9KGBRNTP__Beale - 2007 - Big Picture Pop, Ron English at Opera Gallery in NYC.pdf",Completed,1,1,0,0,200,90,0.19,
"9LCS2XFV__Daily - 2020 - Bense Art Space exhibits works by Ron English, Murakami, Futura Until July 20(2).pdf","9LCS2XFV__Daily - 2020 - Bense Art Space exhibits works by Ron English, Murakami, Futura Until July 20(2).pdf",Completed,3,3,0,0,200,90,0.85,
9LMKQKUS___.pdf,9LMKQKUS___.pdf,Completed,1,1,0,0,200,90,0.68,
9M9G3KZ8___.pdf,9M9G3KZ8___.pdf,Completed,3,3,0,0,200,90,2.08,
9N9TRNDC___.pdf,9N9TRNDC___.pdf,Completed,3,3,0,0,200,90,2.1,
9P5HECH8__Smith - 2017 - Ron English Presents New Work in ‘TOYBOX’.pdf,9P5HECH8__Smith - 2017 - Ron English Presents New Work in ‘TOYBOX’.pdf,Completed,4,4,0,0,200,90,1.1,
"9RK9C9MI__Stavsky - 2012 - Aiko, Ron English, Faile, Logan Hicks, Judith Supine, London Police & more @ Opera Gallery’s “Making Faces”(2).pdf","9RK9C9MI__Stavsky - 2012 - Aiko, Ron English, Faile, Logan Hicks, Judith Supine, London Police & more @ Opera Gallery’s “Making Faces”(2).pdf",Completed,1,1,0,0,200,90,0.26,
9S5QD7EB___.pdf,9S5QD7EB___.pdf,Completed,1,1,0,0,200,90,0.64,
9TSVBT92__Erica - 2019 - Thought Factory Recap!.pdf,9TSVBT92__Erica - 2019 - Thought Factory Recap!.pdf,Completed,1,1,0,0,200,90,0.23,
9VM7GB4U___.pdf,9VM7GB4U___.pdf,Completed,3,3,0,0,200,90,1.93,
9WBXIN66__Hypebeast - 2008 - Barack Obama x Ron English.pdf,9WBXIN66__Hypebeast - 2008 - Barack Obama x Ron English.pdf,Completed,1,1,0,0,200,90,0.21,
9XMZJSJ6__Corey Helford Gallery - 2013 - Action Jackson And Bauhaus Barbie By Ron English.pdf,9XMZJSJ6__Corey Helford Gallery - 2013 - Action Jackson And Bauhaus Barbie By Ron English.pdf,Completed,1,1,0,0,200,90,0.27,
9Z3WDT6U__Busel - 2017 - Cross The Streets At Macro Museum.pdf,9Z3WDT6U__Busel - 2017 - Cross The Streets At Macro Museum.pdf,Completed,4,4,0,0,200,90,0.98,
9ZEFQMYQ__Art Collectorz - 2012 - Ron English.pdf,9ZEFQMYQ__Art Collectorz - 2012 - Ron English.pdf,Completed,1,1,0,0,200,90,0.18,
9ZG2RWQN__Eitb.eus - 2021 - Gernika acoge una exposición del aclamado grafitero Ron English.pdf,9ZG2RWQN__Eitb.eus - 2021 - Gernika acoge una exposición del aclamado grafitero Ron English.pdf,Completed,1,1,0,0,200,90,0.22,
A23RQCRN__Lamono - 2013 - Reivindicando Nuevos Caminos - Ron English.pdf,A23RQCRN__Lamono - 2013 - Reivindicando Nuevos Caminos - Ron English.pdf,Completed,5,5,0,0,200,90,1.33,
A25LHFM6__Dascoart - 2008 - Ron English A Conversation About Puke.pdf,A25LHFM6__Dascoart - 2008 - Ron English A Conversation About Puke.pdf,Completed,6,6,0,0,200,90,1.38,
A2SUHBEY__Eller - 2016 - Οι Γκουέρνικες του Ron English.pdf,A2SUHBEY__Eller - 2016 - Οι Γκουέρνικες του Ron English.pdf,Completed,5,5,0,0,200,90,1.5,
A3D3YIMD___.pdf,A3D3YIMD___.pdf,Completed,2,2,0,0,200,90,0.57,
A3LCTHFX__Castori - 2007 - Society's Paintbrush.pdf,A3LCTHFX__Castori - 2007 - Society's Paintbrush.pdf,Completed,1,1,0,0,200,90,0.27,
A4KVUEVJ___.pdf,A4KVUEVJ___.pdf,Completed,3,3,0,0,200,90,2.03,
A6EXG5RZ___.pdf,A6EXG5RZ___.pdf,Completed,1,1,0,0,200,90,0.38,
A6R644AC__Barry - 2010 - Critically Engaging the Digital Learner.pdf,A6R644AC__Barry - 2010 - Critically Engaging the Digital Learner.pdf,Completed,263,263,0,0,200,90,65.81,
A8BT5C56___.pdf,A8BT5C56___.pdf,Completed,2,2,0,0,200,90,1.48,
A8HFWW5I__HB Team - 2010 - Status Factory by Ron English Exhibition NYC Recap.pdf,A8HFWW5I__HB Team - 2010 - Status Factory by Ron English Exhibition NYC Recap.pdf,Completed,1,1,0,0,200,90,0.24,
A9E6CSIT___.pdf,A9E6CSIT___.pdf,Completed,2,2,0,0,200,90,1.53,
AAQA3C4V___.pdf,AAQA3C4V___.pdf,Completed,2,2,0,0,200,90,0.88,
AC3QSYTG__D'Antuono - 2010 - Corpocracy Exhibition Opening 101015.pdf,AC3QSYTG__D'Antuono - 2010 - Corpocracy Exhibition Opening 101015.pdf,Completed,1,1,0,0,200,90,0.24,
AD96LSDK__Bryen - 2010 - Ripping Ronald.pdf,AD96LSDK__Bryen - 2010 - Ripping Ronald.pdf,Completed,1,1,0,0,200,90,0.7,
ADJN79PU__The Georgetowner - 1994 - Ron English & Gale Fulton Ross -.pdf,ADJN79PU__The Georgetowner - 1994 - Ron English & Gale Fulton Ross -.pdf,Completed,1,1,0,0,200,90,0.47,
AEE8PZEP__Laura - 2014 - Ron English Adds a Little Classic Rock to Some Classic Paintings.pdf,AEE8PZEP__Laura - 2014 - Ron English Adds a Little Classic Rock to Some Classic Paintings.pdf,Completed,19,19,0,0,200,90,4.4,
AEHA3FEH__White Walls Gallery - 2009 - White Walls News - Aqua Art Miami Opens Today.pdf,AEHA3FEH__White Walls Gallery - 2009 - White Walls News - Aqua Art Miami Opens Today.pdf,Completed,19,19,0,0,200,90,5.6,
AENISHRY__Zorpette - 1990 - The Ultimate Taboo by Glenn Zorpette.pdf,AENISHRY__Zorpette - 1990 - The Ultimate Taboo by Glenn Zorpette.pdf,Completed,1,1,0,0,200,90,0.34,
AFGGXUJB__The Jersey Journal - 1995 - Portrait of an artist on a rock album.pdf,AFGGXUJB__The Jersey Journal - 1995 - Portrait of an artist on a rock album.pdf,Completed,1,1,0,0,200,90,0.86,
AH2WLQ9R__Juxtapoz Art & Culture Magazine - 2001 - Nostradamus Three Waves to the Apocalypse.pdf,AH2WLQ9R__Juxtapoz Art & Culture Magazine - 2001 - Nostradamus Three Waves to the Apocalypse.pdf,Completed,2,2,0,0,200,90,1.25,
AINTNXMG__Sprayed Paint Art Collection - Stormtrooper Grin PP Archival Print by Ron English.pdf,AINTNXMG__Sprayed Paint Art Collection - Stormtrooper Grin PP Archival Print by Ron English.pdf,Completed,2,2,0,0,200,90,0.61,
AJM3CS9P__Petrick - 2003 - Urban still life.pdf,AJM3CS9P__Petrick - 2003 - Urban still life.pdf,Completed,2,2,0,0,200,90,0.21,
AKQE5BHE__Heavy Metal - Heavy Metal #292 Reviews.pdf,AKQE5BHE__Heavy Metal - Heavy Metal #292 Reviews.pdf,Completed,1,1,0,0,200,90,2.83,
ALYSQR3A__Juxtapoz - 2014 - Ron English @ Art Truancy Celebrating 20 Years of Juxtapoz Magazine.pdf,ALYSQR3A__Juxtapoz - 2014 - Ron English @ Art Truancy Celebrating 20 Years of Juxtapoz Magazine.pdf,Completed,2,2,0,0,200,90,0.5,
"ALZGDBAT__Juxtapoz - 2012 - Opening Ron English Crucial Fiction @ Opera Gallery, NYC.pdf","ALZGDBAT__Juxtapoz - 2012 - Opening Ron English Crucial Fiction @ Opera Gallery, NYC.pdf",Completed,18,18,0,0,200,90,4.65,
AMES5RG3__García - 1993 - Skiffle while you work.pdf,AMES5RG3__García - 1993 - Skiffle while you work.pdf,Completed,1,1,0,0,200,90,0.48,
ANCQUA59__Orange County Center for Contemporary Art (OCCCA) - 2010 - Status Factory The Art of Ron English.pdf,ANCQUA59__Orange County Center for Contemporary Art (OCCCA) - 2010 - Status Factory The Art of Ron English.pdf,Completed,1,1,0,0,200,90,0.13,
ANZB8K5F__HB Team - 2011 - Ron English Camo Deers.pdf,ANZB8K5F__HB Team - 2011 - Ron English Camo Deers.pdf,Completed,3,3,0,0,200,90,0.7,
AP6NH3WM__The Monitor - 2011 - On the surface.pdf,AP6NH3WM__The Monitor - 2011 - On the surface.pdf,Completed,1,1,0,0,200,90,0.22,
"APADP47Q__Independent - 2011 - Ron English If it hadn't been for Ron, there'd be no Banksy.pdf","APADP47Q__Independent - 2011 - Ron English If it hadn't been for Ron, there'd be no Banksy.pdf",Completed,3,3,0,0,200,90,0.57,
AQ6NXYEZ__Hypebeast - 2009 - Garageworks Industries x Ron English Marilyn Mickies Prints & Bust.pdf,AQ6NXYEZ__Hypebeast - 2009 - Garageworks Industries x Ron English Marilyn Mickies Prints & Bust.pdf,Completed,2,2,0,0,200,90,0.42,
AT89QJXW__10-2007.pdf,AT89QJXW__10-2007.pdf,Completed,64,64,0,0,200,90,23.62,
AU3PFRI2__Sponsor - 2015 - Worldwide Street Artist Ron English Comes To @BOXPARK.pdf,AU3PFRI2__Sponsor - 2015 - Worldwide Street Artist Ron English Comes To @BOXPARK.pdf,Completed,1,1,0,0,200,90,0.27,
AUM2HLPA___.pdf,AUM2HLPA___.pdf,Completed,1,1,0,0,200,90,0.29,
"AVTKJWMK__Juxtapoz - 2012 - Preview Ron English Crucial Fiction @ Opera Gallery, NYC.pdf","AVTKJWMK__Juxtapoz - 2012 - Preview Ron English Crucial Fiction @ Opera Gallery, NYC.pdf",Completed,3,3,0,0,200,90,0.82,
AVVALSNC___.pdf,AVVALSNC___.pdf,Completed,2,2,0,0,200,90,0.83,
AW5IYMLH__Carlos - 2011 - Openings Ron English – “Seasons in Supurbia” @ Corey Helford.pdf,AW5IYMLH__Carlos - 2011 - Openings Ron English – “Seasons in Supurbia” @ Corey Helford.pdf,Completed,7,7,0,0,200,90,1.77,
AXUQSSBI___ - Copy.pdf,AXUQSSBI___ - Copy.pdf,Completed,1,1,0,0,200,90,0.38,
"AXVWJC2G__Black Rainbow - 2016 - Ron English First Exhibition At Allouche Gallery, NY.pdf","AXVWJC2G__Black Rainbow - 2016 - Ron English First Exhibition At Allouche Gallery, NY.pdf",Completed,3,3,0,0,200,90,0.75,
AYS3RT5I__AFineLyne - 2016 - Picasso’s Guernica Brought Back to Life by Artist Ron English at Allouche Gallery NYC.pdf,AYS3RT5I__AFineLyne - 2016 - Picasso’s Guernica Brought Back to Life by Artist Ron English at Allouche Gallery NYC.pdf,Completed,7,7,0,0,200,90,1.98,
B35TE5GY___.pdf,B35TE5GY___.pdf,Completed,3,3,0,0,200,90,2.24,
B3B6ZISH__Elms Lesters - 2009 - Lazarus Rising.pdf,B3B6ZISH__Elms Lesters - 2009 - Lazarus Rising.pdf,Completed,1,1,0,0,200,90,0.23,
B67RGE8F__Allman et al. - 2011 - California APRILMAY 2011 Contemporary ART.pdf,B67RGE8F__Allman et al. - 2011 - California APRILMAY 2011 Contemporary ART.pdf,Completed,42,42,0,0,200,90,16.6,
B6BZH2VZ__Beat - Unknown - Texans invade the Big Apple - Author-Shawn Eichman.pdf,B6BZH2VZ__Beat - Unknown - Texans invade the Big Apple - Author-Shawn Eichman.pdf,Completed,1,1,0,0,200,90,1.11,
"B6N3E7XA__Ingvaldsen - 2020 - Heritage Auctions and Gone Far Beyond Urban Art Auction KAWS, Banksy, Futura and more.pdf","B6N3E7XA__Ingvaldsen - 2020 - Heritage Auctions and Gone Far Beyond Urban Art Auction KAWS, Banksy, Futura and more.pdf",Completed,1,1,0,0,200,90,0.21,
B6UZQEV5__English - 2011 - Ron English's Big Top Popaganda #1 MC's Secret Circus Comic(2).pdf,B6UZQEV5__English - 2011 - Ron English's Big Top Popaganda #1 MC's Secret Circus Comic(2).pdf,Completed,1,1,0,0,200,90,0.32,
B886SGGV__All the rage - Urban Art Exhibition Taipei City - 2018 - Ron English.pdf,B886SGGV__All the rage - Urban Art Exhibition Taipei City - 2018 - Ron English.pdf,Completed,5,5,0,0,200,90,1.8,
B8SRFV9Y___.pdf,B8SRFV9Y___.pdf,Completed,3,3,0,0,200,90,0.97,
B9CZZ35M___.pdf,B9CZZ35M___.pdf,Completed,2,2,0,0,200,90,1.73,
"B9Q7ZUFG__Cranston - 2018 - KAWS, Ron English, Sylvia Ji, others will be in Bruneau & Co.'s first-ever Pop Culture, Street & Unusual Art Auction,.pdf","B9Q7ZUFG__Cranston - 2018 - KAWS, Ron English, Sylvia Ji, others will be in Bruneau & Co.'s first-ever Pop Culture, Street & Unusual Art Auction,.pdf",Completed,3,3,0,0,200,90,0.58,
BAEIIAVA__Mace - 2002 - Popaganda paintings by Ron English and large scale Pentings.pdf,BAEIIAVA__Mace - 2002 - Popaganda paintings by Ron English and large scale Pentings.pdf,Completed,3,3,0,0,200,90,0.39,
BASIGFVC__Claire - 2008 - Master of Popaganda.pdf,BASIGFVC__Claire - 2008 - Master of Popaganda.pdf,Completed,1,1,0,0,200,90,0.23,
BC6PG2UP__Estiler - 2016 - Ron English Talks Reimagining Pablo Picasso's Iconic 'Guernica' Painting.pdf,BC6PG2UP__Estiler - 2016 - Ron English Talks Reimagining Pablo Picasso's Iconic 'Guernica' Painting.pdf,Completed,10,10,0,0,200,90,2.19,
BDIATSQN___.pdf,BDIATSQN___.pdf,Completed,4,4,0,0,200,90,2.13,
BDNE58UA__Kordic - 2016 - 5 Ron English Art Pieces You Might Not Recognize at First Glance.pdf,BDNE58UA__Kordic - 2016 - 5 Ron English Art Pieces You Might Not Recognize at First Glance.pdf,Completed,7,7,0,0,200,90,1.75,
BEZRKT3K__English - FOR IMMEDIATE RELEASE.pdf,BEZRKT3K__English - FOR IMMEDIATE RELEASE.pdf,Completed,3,3,0,0,200,90,0.69,
BGCFLAK3__Melissa's Webspace - 2011 - Art Show Ron English – Seasons In Supurbia @ Corey Helford Gallery.pdf,BGCFLAK3__Melissa's Webspace - 2011 - Art Show Ron English – Seasons In Supurbia @ Corey Helford Gallery.pdf,Completed,2,2,0,0,200,90,0.47,
BGDK3TDE__Refill Zero Four Magazine - 2010 - Ron English.pdf,BGDK3TDE__Refill Zero Four Magazine - 2010 - Ron English.pdf,Completed,4,4,0,0,200,90,1.82,
"BH4KLLPA__Eller - 2018 - Preview Ron English’s Solo Show “Delusionville” at Allouche Gallery, NYC 101118.pdf","BH4KLLPA__Eller - 2018 - Preview Ron English’s Solo Show “Delusionville” at Allouche Gallery, NYC 101118.pdf",Completed,4,4,0,0,200,90,0.95,
BIJ38JK2__The Monitor - 2011 - Ron English.pdf,BIJ38JK2__The Monitor - 2011 - Ron English.pdf,Completed,1,1,0,0,200,90,0.27,
BIQCJTY2__Sekoff - 2017 - The Rolling Stones At 50 Broome Street Gallery Celebrates Art Inspired By The Band.pdf,BIQCJTY2__Sekoff - 2017 - The Rolling Stones At 50 Broome Street Gallery Celebrates Art Inspired By The Band.pdf,Completed,2,2,0,0,200,90,0.39,
BKDZ5SSD__Martinique - 2018 - Step Into Ron English's Delusionville at Allouche Gallery.pdf,BKDZ5SSD__Martinique - 2018 - Step Into Ron English's Delusionville at Allouche Gallery.pdf,Completed,6,6,0,0,200,90,1.15,
BKU7IGLD___.pdf,BKU7IGLD___.pdf,Completed,1,1,0,0,200,90,0.16,
BLGNRSEH__Ritzer - 1997 - The McDonaldization Thesis Explorations and Exten.pdf,BLGNRSEH__Ritzer - 1997 - The McDonaldization Thesis Explorations and Exten.pdf,Completed,3,3,0,0,200,90,0.81,
BMKIVAPC__Wong - 1992 - Ron English Speaks a Language All His Own - Copy.pdf,BMKIVAPC__Wong - 1992 - Ron English Speaks a Language All His Own - Copy.pdf,Completed,4,4,0,0,200,90,1.94,
BNAXXAWC__Vtxiff - 2015 - Ron English VTXIFF 2015.pdf,BNAXXAWC__Vtxiff - 2015 - Ron English VTXIFF 2015.pdf,Completed,1,1,0,0,200,90,0.25,
BND69A2D__Elms Lesters - 2008 - The Adam & Ron Show.pdf,BND69A2D__Elms Lesters - 2008 - The Adam & Ron Show.pdf,Completed,1,1,0,0,200,90,0.21,
BQ7YX787__Zephyr - Modern English - Copy.pdf,BQ7YX787__Zephyr - Modern English - Copy.pdf,Completed,4,4,0,0,200,90,3.21,
"BRKXI25G__Heroldius - 2017 - Street Art #1 Ron English, Montreal, Canada - Copy.pdf","BRKXI25G__Heroldius - 2017 - Street Art #1 Ron English, Montreal, Canada - Copy.pdf",Completed,1,1,0,0,200,90,0.29,
"BS5ZLMBJ__Levy, Eller - 2014 - Coverage Ron English “EVOLUTIONARY ALTERNATIVES” @ Tribeca Grand Hotel - NYC.pdf","BS5ZLMBJ__Levy, Eller - 2014 - Coverage Ron English “EVOLUTIONARY ALTERNATIVES” @ Tribeca Grand Hotel - NYC.pdf",Completed,8,8,0,0,200,90,2.17,
BS63QL62___.pdf,BS63QL62___.pdf,Completed,1,1,0,0,200,90,0.55,
BSFHTUC7___.pdf,BSFHTUC7___.pdf,Completed,5,5,0,0,200,90,2.77,
"BUBAVA9A__Allouche Gallery - Ron English, Heavenly Marilyn Blue Pink.pdf","BUBAVA9A__Allouche Gallery - Ron English, Heavenly Marilyn Blue Pink.pdf",Completed,1,1,0,0,200,90,0.29,
BVYMFWSV__Ridder - 2005 - Who exactly owns pop culture images.pdf,BVYMFWSV__Ridder - 2005 - Who exactly owns pop culture images.pdf,Completed,1,1,0,0,200,90,0.1,
BXSMDXMY__Beale - 2010 - Neue Films Tour of Ron English ’ s Status Factory.pdf,BXSMDXMY__Beale - 2010 - Neue Films Tour of Ron English ’ s Status Factory.pdf,Completed,1,1,0,0,200,90,0.17,
BZBF98CV__Inhale - 2014 - Street Art and Pop Surrealism – Ron English.pdf,BZBF98CV__Inhale - 2014 - Street Art and Pop Surrealism – Ron English.pdf,Completed,2,2,0,0,200,90,0.55,
C2CBBXSV__Martinique - 2017 - Fabien Castanier Gallery goes Popadelic this Winter!.pdf,C2CBBXSV__Martinique - 2017 - Fabien Castanier Gallery goes Popadelic this Winter!.pdf,Completed,3,3,0,0,200,90,0.59,
C2GQCHPQ__HB Team - 2010 - Ron English Status Factory Exhibition @ Frank Doyle Arts Pavilion.pdf,C2GQCHPQ__HB Team - 2010 - Ron English Status Factory Exhibition @ Frank Doyle Arts Pavilion.pdf,Completed,1,1,0,0,200,90,0.25,
C3EQTY45__Made In Shoreditch - 2015 - Godfather Of Street Art Launches Exclusive Limited Edition Print.pdf,C3EQTY45__Made In Shoreditch - 2015 - Godfather Of Street Art Launches Exclusive Limited Edition Print.pdf,Completed,1,1,0,0,200,90,0.27,
C4CX2WFJ__Yvette - 2018 - Playboy talks to Ron English in anticipation of his new exhibit at the Corey Helford Gallery.pdf,C4CX2WFJ__Yvette - 2018 - Playboy talks to Ron English in anticipation of his new exhibit at the Corey Helford Gallery.pdf,Completed,3,3,0,0,200,90,0.8,
C6K95CTA__COACH - 2012 - ART RON ENGLISH EXHIBITION 10 - 20 MAY @ WEBBS.pdf,C6K95CTA__COACH - 2012 - ART RON ENGLISH EXHIBITION 10 - 20 MAY @ WEBBS.pdf,Completed,2,2,0,0,200,90,0.43,
C7L8Z284__Fad Magazine - 2015 - ‘Godfather Of Street Art’ Ron English Does Boxpark.pdf,C7L8Z284__Fad Magazine - 2015 - ‘Godfather Of Street Art’ Ron English Does Boxpark.pdf,Completed,1,1,0,0,200,90,0.25,
C8DLM9ZZ__POPaganda - 1998 - POPaganda Tour - 1998.pdf,C8DLM9ZZ__POPaganda - 1998 - POPaganda Tour - 1998.pdf,Completed,1,1,0,0,200,90,0.17,
CABYY83I__Corey Helford Gallery - 2014 - Werewool (Pearl Jam Poster Image) By Ron English.pdf,CABYY83I__Corey Helford Gallery - 2014 - Werewool (Pearl Jam Poster Image) By Ron English.pdf,Completed,1,1,0,0,200,90,0.28,
"CC6HCNEJ__Gallery, English - 2017 - “TOYBOX America in the Visuals” By Ron English.pdf","CC6HCNEJ__Gallery, English - 2017 - “TOYBOX America in the Visuals” By Ron English.pdf",Completed,2,2,0,0,200,90,0.5,
CCRGZCVN__Juxtapoz - 2014 - Art Truancy Celebrating 20 Years of Juxtapoz Magazine @ Jonathan LeVine Gallery—The Art.pdf,CCRGZCVN__Juxtapoz - 2014 - Art Truancy Celebrating 20 Years of Juxtapoz Magazine @ Jonathan LeVine Gallery—The Art.pdf,Completed,3,3,0,0,200,90,0.65,
CD7R34EQ__Wide Walls - 2015 - Artists Loving Hip-Hop.pdf,CD7R34EQ__Wide Walls - 2015 - Artists Loving Hip-Hop.pdf,Completed,1,1,0,0,200,90,0.22,
CEI4C8J9___.pdf,CEI4C8J9___.pdf,Completed,1,1,0,0,200,90,0.31,
CEN4FT5R__Erica - 2013 - Ron English's Little Big Foot Spraypaint on Paper Released Today!.pdf,CEN4FT5R__Erica - 2013 - Ron English's Little Big Foot Spraypaint on Paper Released Today!.pdf,Completed,1,1,0,0,200,90,0.23,
CENCUUYC___.pdf,CENCUUYC___.pdf,Completed,1,1,0,0,200,90,0.32,
CFLE2V9S__O'Brien - 2012 - Ron English - America's Back.pdf,CFLE2V9S__O'Brien - 2012 - Ron English - America's Back.pdf,Completed,2,2,0,0,200,90,0.32,
CK52MX7C__Your Valley Voice - 2011 - IMAS art exhibit takes a contemporary surrealist approach.pdf,CK52MX7C__Your Valley Voice - 2011 - IMAS art exhibit takes a contemporary surrealist approach.pdf,Completed,2,2,0,0,200,90,0.47,
CKFCDGFU___.pdf,CKFCDGFU___.pdf,Completed,8,8,0,0,200,90,2.39,
CL2VMFLC__Huacuz - 2019 - Wynwood Walls celebra 10 años de existencia.pdf,CL2VMFLC__Huacuz - 2019 - Wynwood Walls celebra 10 años de existencia.pdf,Completed,1,1,0,0,200,90,0.29,
CL8DPFIT__Hwang - 2009 - Ron English Immortal Underground Exhibition - Opera Gallery New York Event Recap.pdf,CL8DPFIT__Hwang - 2009 - Ron English Immortal Underground Exhibition - Opera Gallery New York Event Recap.pdf,Completed,27,27,0,0,200,90,7.29,
CLIQQDQ9___.pdf,CLIQQDQ9___.pdf,Completed,1,1,0,0,200,90,0.28,
CLRLBRMF___.pdf,CLRLBRMF___.pdf,Completed,2,2,0,0,200,90,0.4,
CNUF2MI3__Turco - 2009 - Ron English ’ s Xmas Greeting.pdf,CNUF2MI3__Turco - 2009 - Ron English ’ s Xmas Greeting.pdf,Completed,2,2,0,0,200,90,0.31,
CRECGI2M__Allouche Gallery - 2018 - HypeArt Immerse Yourself in Ron English's Chaotic.pdf,CRECGI2M__Allouche Gallery - 2018 - HypeArt Immerse Yourself in Ron English's Chaotic.pdf,Completed,2,2,0,0,200,90,1.44,
CRTCTQGM__The New York Times - 1996 - Art & Leisure.pdf,CRTCTQGM__The New York Times - 1996 - Art & Leisure.pdf,Completed,1,1,0,0,200,90,0.37,
CS6WQ2VP__Bagshaw et al. - Corey Helford Gallery presents.pdf,CS6WQ2VP__Bagshaw et al. - Corey Helford Gallery presents.pdf,Completed,2,2,0,0,200,90,0.49,
CSJWQM6Q___.pdf,CSJWQM6Q___.pdf,Completed,7,7,0,0,200,90,2.57,
CSKJQ9GL___.pdf,CSKJQ9GL___.pdf,Completed,1,1,0,0,200,90,0.18,
CVB5FQYE__Richie - 2012 - Ron English's Cathy Cowgirl is Alive!.pdf,CVB5FQYE__Richie - 2012 - Ron English's Cathy Cowgirl is Alive!.pdf,Completed,1,1,0,0,200,90,0.23,
CVCXTD4E___.pdf,CVCXTD4E___.pdf,Completed,1,1,0,0,200,90,0.67,
CWGIITF6__Reyes - 2010 - Ron English Status Factory Exhibition.pdf,CWGIITF6__Reyes - 2010 - Ron English Status Factory Exhibition.pdf,Completed,6,6,0,0,200,90,1.37,
CX3QCY4K__LA TACO - 2017 - Preview Ron English “Toybox America In The Visuals”.pdf,CX3QCY4K__LA TACO - 2017 - Preview Ron English “Toybox America In The Visuals”.pdf,Completed,5,5,0,0,200,90,1.18,
CXYRUVZX__Rushmore - 2009 - Green Day and The Art of Rock.pdf,CXYRUVZX__Rushmore - 2009 - Green Day and The Art of Rock.pdf,Completed,2,2,0,0,200,90,0.42,
D3MBATS7__Dennis - 2019 - How art can further understanding of 911.pdf,D3MBATS7__Dennis - 2019 - How art can further understanding of 911.pdf,Completed,5,5,0,0,200,90,1.1,
D3MPLVHM__Turco - 2010 - Ron English Creates Artwork That Will Make PETA Unhappy.pdf,D3MPLVHM__Turco - 2010 - Ron English Creates Artwork That Will Make PETA Unhappy.pdf,Completed,1,1,0,0,200,90,0.27,
D3U4JVPV___.pdf,D3U4JVPV___.pdf,Completed,6,6,0,0,200,90,4.49,
D6S82FAR___.pdf,D6S82FAR___.pdf,Completed,1,1,0,0,200,90,0.4,
D9TMAA9S__Angelini - 1992 - Painting Politics.pdf,D9TMAA9S__Angelini - 1992 - Painting Politics.pdf,Completed,1,1,0,0,200,90,0.5,
DA23YXL5__Westall - 2009 - Ron English Interview With Ripo With Thanks To Modarteurope.Com.pdf,DA23YXL5__Westall - 2009 - Ron English Interview With Ripo With Thanks To Modarteurope.Com.pdf,Completed,3,3,0,0,200,90,0.62,
DAIXBLDH__Warburgrealty - 2018 - Allouche Gallery.pdf,DAIXBLDH__Warburgrealty - 2018 - Allouche Gallery.pdf,Completed,1,1,0,0,200,90,0.29,
DB3X4H73__Onainor - 2019 - The Redemption of Chris Brown.pdf,DB3X4H73__Onainor - 2019 - The Redemption of Chris Brown.pdf,Completed,3,3,0,0,200,90,1.4,
DBXDXRFN__Elms Lesters - 2006 - In Or Out.pdf,DBXDXRFN__Elms Lesters - 2006 - In Or Out.pdf,Completed,1,1,0,0,200,90,0.17,
DD5QJVXE__Kim - 2008 - Renaissance Rock Art – Ron English San Francisco.pdf,DD5QJVXE__Kim - 2008 - Renaissance Rock Art – Ron English San Francisco.pdf,Completed,6,6,0,0,200,90,1.38,
DGMHR73N___.pdf,DGMHR73N___.pdf,Completed,2,2,0,0,200,90,1.02,
DHA9T8BP__Absolut - 1992 - Absolut Ad last page.pdf,DHA9T8BP__Absolut - 1992 - Absolut Ad last page.pdf,Completed,2,2,0,0,200,90,0.9,
DHTIXIYR__@latestcelebcity - 2015 - Brighton Art Institution Artrepublic.pdf,DHTIXIYR__@latestcelebcity - 2015 - Brighton Art Institution Artrepublic.pdf,Completed,1,1,0,0,200,90,0.22,
DHV9VTBB__Kutner - Unknown - A touch of the East Village.pdf,DHV9VTBB__Kutner - Unknown - A touch of the East Village.pdf,Completed,3,3,0,0,200,90,0.58,
DIUTJRID___.pdf,DIUTJRID___.pdf,Completed,6,6,0,0,200,90,5.26,
DKLM7E4J__Geez - 2007 - Sugar-coated ritual.pdf,DKLM7E4J__Geez - 2007 - Sugar-coated ritual.pdf,Completed,1,1,0,0,200,90,0.71,
DKQ4CU4F__Nguyen - 2011 - Openings Ron English – ‘Skin Deep’ @ Lazarides Gallery.pdf,DKQ4CU4F__Nguyen - 2011 - Openings Ron English – ‘Skin Deep’ @ Lazarides Gallery.pdf,Completed,8,8,0,0,200,90,2.32,
DML48DZ5__Wall Street International Magazine - 2016 - Ron English. Sugar High.pdf,DML48DZ5__Wall Street International Magazine - 2016 - Ron English. Sugar High.pdf,Completed,2,2,0,0,200,90,0.43,
DN7QIXB4__The Washington Post Dec 12 1992 Who Framed Walt Disney by Michael Welzenbach.pdf,DN7QIXB4__The Washington Post Dec 12 1992 Who Framed Walt Disney by Michael Welzenbach.pdf,Completed,1,1,0,0,200,90,0.59,
"DP37Q525__Bryant, Bryant - 2018 - The many prices of art - In three big ways, financial interests--and some politics-disrupted the pursuit of aest.pdf","DP37Q525__Bryant, Bryant - 2018 - The many prices of art - In three big ways, financial interests--and some politics-disrupted the pursuit of aest.pdf",Completed,1,1,0,0,200,90,1.15,
DP5HNDA5___.pdf,DP5HNDA5___.pdf,Completed,2,2,0,0,200,90,1.71,
DQQWR6QT___.pdf,DQQWR6QT___.pdf,Completed,2,2,0,0,200,90,1.42,
DR7NMYEF__Kan - 2009 - Ron English x Made By Monsters Pop Art Series Lucy Exposed Toy.pdf,DR7NMYEF__Kan - 2009 - Ron English x Made By Monsters Pop Art Series Lucy Exposed Toy.pdf,Completed,1,1,0,0,200,90,0.27,
DU6MPBJ6__Rushmore - 2011 - Studio visit with Ron English.pdf,DU6MPBJ6__Rushmore - 2011 - Studio visit with Ron English.pdf,Completed,7,7,0,0,200,90,1.86,
DULP4ENA___.pdf,DULP4ENA___.pdf,Completed,1,1,0,0,200,90,0.79,
DURES6ZE___.pdf,DURES6ZE___.pdf,Completed,1,1,0,0,200,90,0.08,
DUUIKYTS___.pdf,DUUIKYTS___.pdf,Completed,2,2,0,0,200,90,1.17,
DW6A3YG8___.pdf,DW6A3YG8___.pdf,Completed,2,2,0,0,200,90,1.72,
DWJN5AZQ__English - 1977 - Decatur Cosmic Cosmix.pdf,DWJN5AZQ__English - 1977 - Decatur Cosmic Cosmix.pdf,Completed,1,1,0,0,200,90,0.8,
DYJ47BNK__Graves - 2015 - L.A. Happenings Corey Helford Gallery Opening This Weekend in DTLA.pdf,DYJ47BNK__Graves - 2015 - L.A. Happenings Corey Helford Gallery Opening This Weekend in DTLA.pdf,Completed,2,2,0,0,200,90,0.36,
DZDS8XZC__Mural Festiva - 2021 - Entrevue Avec Ron English.pdf,DZDS8XZC__Mural Festiva - 2021 - Entrevue Avec Ron English.pdf,Completed,6,6,0,0,200,90,1.63,
DZU5ZLMH___.pdf,DZU5ZLMH___.pdf,Completed,8,8,0,0,200,90,3.35,
E2FALVLV__O'Brien - 2013 - Ron English x Black Book Toys Big Boner!.pdf,E2FALVLV__O'Brien - 2013 - Ron English x Black Book Toys Big Boner!.pdf,Completed,1,1,0,0,200,90,0.19,
E328UMGZ___.pdf,E328UMGZ___.pdf,Completed,3,3,0,0,200,90,2.3,
E435UTAV__The Philadelphia Inquirer - 2001 - Indie Art.pdf,E435UTAV__The Philadelphia Inquirer - 2001 - Indie Art.pdf,Completed,1,1,0,0,200,90,0.13,
E4VKPMB8__catalogue.pdf,E4VKPMB8__catalogue.pdf,Completed,120,120,0,0,200,90,26.47,
E5BJIE8J__NY Art Beat - 2016 - Ron English “Guernica”.pdf,E5BJIE8J__NY Art Beat - 2016 - Ron English “Guernica”.pdf,Completed,1,1,0,0,200,90,0.23,
"E5GMVEY6__Beale - 2011 - Cirque du Soleil Zarkana by Ron English, Travis Louie & Tara McPherson.pdf","E5GMVEY6__Beale - 2011 - Cirque du Soleil Zarkana by Ron English, Travis Louie & Tara McPherson.pdf",Completed,2,2,0,0,200,90,0.34,
E8Y3DY7H__Allouche Gallery - 2021 - Ron English Brand Royalty Opening at Allouche Gallery in September 2021(2).pdf,E8Y3DY7H__Allouche Gallery - 2021 - Ron English Brand Royalty Opening at Allouche Gallery in September 2021(2).pdf,Completed,3,3,0,0,200,90,0.71,
"EB38R489__Reydams - 1997 - A la guerre, com a la guerre.pdf","EB38R489__Reydams - 1997 - A la guerre, com a la guerre.pdf",Completed,1,1,0,0,200,90,0.58,
EB8CF8Y5___.pdf,EB8CF8Y5___.pdf,Completed,1,1,0,0,200,90,0.34,
EBAZUBV3___.pdf,EBAZUBV3___.pdf,Completed,1,1,0,0,200,90,0.05,
EC4GE922__Klein - Unknown - Ron English.pdf,EC4GE922__Klein - Unknown - Ron English.pdf,Completed,1,1,0,0,200,90,0.14,
EC54TJG2__Corey Helford Gallery - 2015 - Brex Attacks! By Ron English.pdf,EC54TJG2__Corey Helford Gallery - 2015 - Brex Attacks! By Ron English.pdf,Completed,1,1,0,0,200,90,0.22,
ECLIWEZX___.pdf,ECLIWEZX___.pdf,Completed,23,23,0,0,200,90,6.77,
EG6IJ57B__Schonberger - 2011 - Preview Ron English Seasons In Suburbia.pdf,EG6IJ57B__Schonberger - 2011 - Preview Ron English Seasons In Suburbia.pdf,Completed,1,1,0,0,200,90,0.26,
"EI6QVEW4__Sun Site - 2005 - Last Exit to Brooklyn New York's Counter Culture Phil Frost, Mark Dean Veca, Stash, Wk Interact and Ron English.pdf","EI6QVEW4__Sun Site - 2005 - Last Exit to Brooklyn New York's Counter Culture Phil Frost, Mark Dean Veca, Stash, Wk Interact and Ron English.pdf",Completed,1,1,0,0,200,90,0.23,
"EINHXAX5__Justin Page - 2014 - ‘Art Truancy’, An Art Show Celebrating 20 Years of ‘Juxtapoz Magazine’ at Jonathan LeVine Gallery in New York City.pdf","EINHXAX5__Justin Page - 2014 - ‘Art Truancy’, An Art Show Celebrating 20 Years of ‘Juxtapoz Magazine’ at Jonathan LeVine Gallery in New York City.pdf",Completed,2,2,0,0,200,90,0.55,
EIPAR4V8__wtg_artist - 2014 - PeacE.pdf,EIPAR4V8__wtg_artist - 2014 - PeacE.pdf,Completed,12,12,0,0,200,90,2.57,
EJSI7P6B__Rushmore - 2012 - “The New Blood” curated by Morgan Spurlock.pdf,EJSI7P6B__Rushmore - 2012 - “The New Blood” curated by Morgan Spurlock.pdf,Completed,2,2,0,0,200,90,0.32,
EKG86IYR__Wong - 1992 - Profile on English - Speaks a language all his own.pdf,EKG86IYR__Wong - 1992 - Profile on English - Speaks a language all his own.pdf,Completed,2,2,0,0,200,90,1.39,
"EKGFWTNA__Pop International Galleries - 2020 - Pop international galleries, collect for a cause.pdf","EKGFWTNA__Pop International Galleries - 2020 - Pop international galleries, collect for a cause.pdf",Completed,1,1,0,0,200,90,0.24,
ELWDKFWD___.pdf,ELWDKFWD___.pdf,Completed,1,1,0,0,200,90,0.19,
EN4ES5JD___.pdf,EN4ES5JD___.pdf,Completed,1,1,0,0,200,90,0.65,
EP63P7D4___.pdf,EP63P7D4___.pdf,Completed,7,7,0,0,200,90,3.32,
EPEXSUXI___.pdf,EPEXSUXI___.pdf,Completed,2,2,0,0,200,90,0.87,
"EQTSALML__Escalante, Greg y Spoor, Nathan - 2008 - Ron English.pdf","EQTSALML__Escalante, Greg y Spoor, Nathan - 2008 - Ron English.pdf",Completed,6,6,0,0,200,90,4.85,
"ERLLQNR8__Washington City Paper May 8 1998 Nice People, Dirty Talk by Rebecca Charry.pdf","ERLLQNR8__Washington City Paper May 8 1998 Nice People, Dirty Talk by Rebecca Charry.pdf",Completed,1,1,0,0,200,90,0.52,
ERW9Y98B__Robertson - 2015 - Ron English's NeoNature We Are The New They Exhibit Is A Gentle Disturbance.pdf,ERW9Y98B__Robertson - 2015 - Ron English's NeoNature We Are The New They Exhibit Is A Gentle Disturbance.pdf,Completed,9,9,0,0,200,90,2.2,
ETSDJ6VR__Squarespace - 2014 - Ron English.pdf,ETSDJ6VR__Squarespace - 2014 - Ron English.pdf,Completed,1,1,0,0,200,90,0.23,
EVGX4RUL___.pdf,EVGX4RUL___.pdf,Completed,2,2,0,0,200,90,1.32,
EVJCNL9Q__2014 - The POPaganda of Ron English - The Godfather of St.pdf,EVJCNL9Q__2014 - The POPaganda of Ron English - The Godfather of St.pdf,Completed,9,9,0,0,200,90,3.16,
EWDQ6L33__Scott Beale - 2005 - POPaganda The Art & Crimes of Ron English.pdf,EWDQ6L33__Scott Beale - 2005 - POPaganda The Art & Crimes of Ron English.pdf,Completed,1,1,0,0,200,90,0.22,
EWEVGYMW__Westall - 2010 - Ron English’s Status Factory.pdf,EWEVGYMW__Westall - 2010 - Ron English’s Status Factory.pdf,Completed,6,6,0,0,200,90,1.64,
EX72L6XP___.pdf,EX72L6XP___.pdf,Completed,3,3,0,0,200,90,1.57,
EXYYTCMA__Toten Art - 2016 - ¿Qué es la POPaganda.pdf,EXYYTCMA__Toten Art - 2016 - ¿Qué es la POPaganda.pdf,Completed,4,4,0,0,200,90,1.03,
EYKTECU5__Don't Panic - 2008 - POPaganda with Ron English.pdf,EYKTECU5__Don't Panic - 2008 - POPaganda with Ron English.pdf,Completed,4,4,0,0,200,90,0.82,
EYQRYQ88__Gordon - 2018 - Allouche Gallery Presents DELUSIONVILLE by Ron English.pdf,EYQRYQ88__Gordon - 2018 - Allouche Gallery Presents DELUSIONVILLE by Ron English.pdf,Completed,2,2,0,0,200,90,0.48,
F3B9WU5D__Deters - 2021 - UP5 Preview - The Irony of Becoming Iconic An Afternoon with Ron English Written.pdf,F3B9WU5D__Deters - 2021 - UP5 Preview - The Irony of Becoming Iconic An Afternoon with Ron English Written.pdf,Completed,4,4,0,0,200,90,1.02,
F3XXDDCP__Interview Magazine - 1993 - .pdf,F3XXDDCP__Interview Magazine - 1993 - .pdf,Completed,3,3,0,0,200,90,1.59,
F4BWTEV6___.pdf,F4BWTEV6___.pdf,Completed,2,2,0,0,200,90,0.99,
F5DRSQ7I___.pdf,F5DRSQ7I___.pdf,Completed,2,2,0,0,200,90,0.95,
F5QHUMPJ__The Worley Gig - 2016 - Corey Helford Gallery Presents Ron English’s NeoNature Exhibit at New Space in Downtown LA!(2).pdf,F5QHUMPJ__The Worley Gig - 2016 - Corey Helford Gallery Presents Ron English’s NeoNature Exhibit at New Space in Downtown LA!(2).pdf,Completed,8,8,0,0,200,90,1.98,
F5VJW3Y3___.pdf,F5VJW3Y3___.pdf,Completed,2,2,0,0,200,90,0.87,
F6JHM9YX__Short - 2017 - 15 Captivating Works Of Art That Challenge The McDonaldization Of Society(2).pdf,F6JHM9YX__Short - 2017 - 15 Captivating Works Of Art That Challenge The McDonaldization Of Society(2).pdf,Completed,2,2,0,0,200,90,0.39,
F6M7FZER___.pdf,F6M7FZER___.pdf,Completed,1,1,0,0,200,90,0.54,
F6VWCTYW___.pdf,F6VWCTYW___.pdf,Completed,2,2,0,0,200,90,0.95,
F9QFS4LF___.pdf,F9QFS4LF___.pdf,Completed,2,2,0,0,200,90,0.92,
"FA7KSGWU__Petrick - 2005 - Artists, companies clash over character rights.pdf","FA7KSGWU__Petrick - 2005 - Artists, companies clash over character rights.pdf",Completed,1,1,0,0,200,90,0.17,
FB3IY5CS__Leagueoto - 2019 - Upcoming Exhibits - Ron English Mojo Voodoo & Heavy Metal Music.pdf,FB3IY5CS__Leagueoto - 2019 - Upcoming Exhibits - Ron English Mojo Voodoo & Heavy Metal Music.pdf,Completed,1,1,0,0,200,90,0.32,
FB6D6B6L__The Chelsea Tribe - 2019 - The Fine Art Of Street And Graffiti – Preview.pdf,FB6D6B6L__The Chelsea Tribe - 2019 - The Fine Art Of Street And Graffiti – Preview.pdf,Completed,1,1,0,0,200,90,0.18,
"FB6PVCVR__Mythe, Lesec - 2015 - Psychohistoire du mythe.pdf","FB6PVCVR__Mythe, Lesec - 2015 - Psychohistoire du mythe.pdf",Completed,16,16,0,0,200,90,3.32,
FBV7M37X___.pdf,FBV7M37X___.pdf,Completed,3,3,0,0,200,90,1.26,
FBVZCI5Y__Juxtapoz - 2012 - Preview May 2012 Public Art Special Issue (On Newsstands Now).pdf,FBVZCI5Y__Juxtapoz - 2012 - Preview May 2012 Public Art Special Issue (On Newsstands Now).pdf,Completed,3,3,0,0,200,90,0.69,
FC5GPHA6___.pdf,FC5GPHA6___.pdf,Completed,1,1,0,0,200,90,0.22,
FC64CSNK__Family Traditional Art Exhibition Curated by Ron E.pdf,FC64CSNK__Family Traditional Art Exhibition Curated by Ron E.pdf,Completed,8,8,0,0,200,90,2.3,
FF9L6FXI__English - 2021 - Ron english aka the propaganda pop master.pdf,FF9L6FXI__English - 2021 - Ron english aka the propaganda pop master.pdf,Completed,6,6,0,0,200,90,1.43,
FFSJG8XC__Korkidis - 2012 - Dope Art For Sale Pop Marilyn Mickeys By Ron English.pdf,FFSJG8XC__Korkidis - 2012 - Dope Art For Sale Pop Marilyn Mickeys By Ron English.pdf,Completed,1,1,0,0,200,90,0.23,
FJSKQVN6__Campbell - 2018 - Meet world famous artist Ron English.pdf,FJSKQVN6__Campbell - 2018 - Meet world famous artist Ron English.pdf,Completed,4,4,0,0,200,90,0.98,
FMIT4ECC___.pdf,FMIT4ECC___.pdf,Completed,1,1,0,0,200,90,0.12,
FMQ9SKNJ__Colección SOLO - 2007 - Colección SOLO - Ron English.pdf,FMQ9SKNJ__Colección SOLO - 2007 - Colección SOLO - Ron English.pdf,Completed,1,1,0,0,200,90,0.26,
FNBZBPEJ__Footdistrict - 2019 - Corporate lies and POPaganda Who is Ron English.pdf,FNBZBPEJ__Footdistrict - 2019 - Corporate lies and POPaganda Who is Ron English.pdf,Completed,4,4,0,0,200,90,0.84,
FNP9TK2K___.pdf,FNP9TK2K___.pdf,Completed,2,2,0,0,200,90,0.77,
FQC8X8RK__Hogue - 2006 - Creating 'POPaganda'.pdf,FQC8X8RK__Hogue - 2006 - Creating 'POPaganda'.pdf,Completed,1,1,0,0,200,90,0.27,
FRCDPY76___.pdf,FRCDPY76___.pdf,Completed,1,1,0,0,200,90,0.81,
FT3Y8XTS__Dangerous Minds - 2017 - POPaganda new work by Pop-Art provocateur Ron English.pdf,FT3Y8XTS__Dangerous Minds - 2017 - POPaganda new work by Pop-Art provocateur Ron English.pdf,Completed,4,4,0,0,200,90,1.04,
FT9MRZH5__Shane - 2017 - Ron English – Toybox America In The Visuals – Preview.pdf,FT9MRZH5__Shane - 2017 - Ron English – Toybox America In The Visuals – Preview.pdf,Completed,2,2,0,0,200,90,0.56,
FVDBL3ZP__English - 1983 - The ant and the grasshopper revisited.pdf,FVDBL3ZP__English - 1983 - The ant and the grasshopper revisited.pdf,Completed,2,2,0,0,200,90,0.57,
FVN9C4DK___.pdf,FVN9C4DK___.pdf,Completed,2,2,0,0,200,90,0.82,
FVNBDPBD__(Beautiful) Paper 10th annual Beautiful People.pdf,FVNBDPBD__(Beautiful) Paper 10th annual Beautiful People.pdf,Completed,5,5,0,0,200,90,1.56,
FW43UCZQ__Beale - 2008 - John McCain “I Wanna Be Erected” Billboard by Ron English(2).pdf,FW43UCZQ__Beale - 2008 - John McCain “I Wanna Be Erected” Billboard by Ron English(2).pdf,Completed,2,2,0,0,200,90,0.43,
FWQKSRHM__Zobooks - 2021 - Ron English “Model Royalty” @ Allouche Gallery Opening 91821 NYC – StreetArtNews(2).pdf,FWQKSRHM__Zobooks - 2021 - Ron English “Model Royalty” @ Allouche Gallery Opening 91821 NYC – StreetArtNews(2).pdf,Completed,3,3,0,0,200,90,0.72,
FXNMSPRA___.pdf,FXNMSPRA___.pdf,Completed,3,3,0,0,200,90,0.71,
G3K6LZNE__Erica - 2013 - Gold Jacket Elvis By Ron English.pdf,G3K6LZNE__Erica - 2013 - Gold Jacket Elvis By Ron English.pdf,Completed,1,1,0,0,200,90,0.17,
"G3MF4FHL__Graffiti Shows and Events - 2005 - Last Exit To Brooklyn New York's Counter Culture Phil Frost, Mark Dean Veca, Stash, Wk Interact And R.pdf","G3MF4FHL__Graffiti Shows and Events - 2005 - Last Exit To Brooklyn New York's Counter Culture Phil Frost, Mark Dean Veca, Stash, Wk Interact And R.pdf",Completed,1,1,0,0,200,90,0.22,
G45D83BT___.pdf,G45D83BT___.pdf,Completed,2,2,0,0,200,90,1.39,
G5A8CY7W___.pdf,G5A8CY7W___.pdf,Completed,9,9,0,0,200,90,2.26,
"G5AXC9DJ__The Hundreds Magazine - 2011 - A long, strange trip into the kaleidoscopic world of Ron English.pdf","G5AXC9DJ__The Hundreds Magazine - 2011 - A long, strange trip into the kaleidoscopic world of Ron English.pdf",Completed,4,4,0,0,200,90,0.98,
"G5C593GP__Page - 2015 - ‘Freaks And Americana’, A Circus-Themed Art Show in Culver City, California Exploring Big Top Culture.pdf","G5C593GP__Page - 2015 - ‘Freaks And Americana’, A Circus-Themed Art Show in Culver City, California Exploring Big Top Culture.pdf",Completed,2,2,0,0,200,90,0.39,
"G7MIXTFU__Corey Helford Gallery - 2015 - Corey Helford Gallery, new works, Saturday December 12, 2015.pdf","G7MIXTFU__Corey Helford Gallery - 2015 - Corey Helford Gallery, new works, Saturday December 12, 2015.pdf",Completed,1,1,0,0,200,90,0.17,
"G84Z2NMY__Gallery, English - 2017 - TOYBOX America In The Visuals – Ron English Gallery.pdf","G84Z2NMY__Gallery, English - 2017 - TOYBOX America In The Visuals – Ron English Gallery.pdf",Completed,3,3,0,0,200,90,0.79,
G9NFHAUN__Hagle - 2016 - Why famed pop artist Ron English uses camouflage.pdf,G9NFHAUN__Hagle - 2016 - Why famed pop artist Ron English uses camouflage.pdf,Completed,4,4,0,0,200,90,0.92,
GC2GI95C__Ruano - 2009 - Planet Illogica Launch Recap.pdf,GC2GI95C__Ruano - 2009 - Planet Illogica Launch Recap.pdf,Completed,12,12,0,0,200,90,2.48,
GCZ98KXD__SunStorm - 1992 - Ron and Michael Mckenzie at the Palladium.pdf,GCZ98KXD__SunStorm - 1992 - Ron and Michael Mckenzie at the Palladium.pdf,Completed,1,1,0,0,200,90,0.1,
GETEYTVN__Beale - 2011 - 15 Artists Interpret South Park at Opera Gallery In New York City.pdf,GETEYTVN__Beale - 2011 - 15 Artists Interpret South Park at Opera Gallery In New York City.pdf,Completed,1,1,0,0,200,90,0.27,
GGZ38QQC___.pdf,GGZ38QQC___.pdf,Completed,2,2,0,0,200,90,0.78,
GJ2JGRWW__Gordin - 2015 - Absolute English.pdf,GJ2JGRWW__Gordin - 2015 - Absolute English.pdf,Completed,1,1,0,0,200,90,1.03,
GK633SFK__Beale - 2010 - The Incredulous Hulkboy by Ron English.pdf,GK633SFK__Beale - 2010 - The Incredulous Hulkboy by Ron English.pdf,Completed,1,1,0,0,200,90,0.27,
"GM9A5983__Palm Beach Daily News, oct 1 1993.pdf","GM9A5983__Palm Beach Daily News, oct 1 1993.pdf",Completed,1,1,0,0,200,90,0.3,
GN9NWVZH__Cruz - 2015 - Joel Rea – Surrealismo hiperrealista.pdf,GN9NWVZH__Cruz - 2015 - Joel Rea – Surrealismo hiperrealista.pdf,Completed,1,1,0,0,200,90,0.23,
GPZ8676E__Beale - 2010 - Photos Status Factory by Ron English at Opera Gallery New York.pdf,GPZ8676E__Beale - 2010 - Photos Status Factory by Ron English at Opera Gallery New York.pdf,Completed,14,14,0,0,200,90,2.83,
GRJGCEHF__Erica - 2012 - POPaganda's 12 Days of Xmas Madness - Mickey Grin Dunny APs.pdf,GRJGCEHF__Erica - 2012 - POPaganda's 12 Days of Xmas Madness - Mickey Grin Dunny APs.pdf,Completed,1,1,0,0,200,90,0.26,
GSTMTTYC__Erica - 2012 - Green Eyed Purple Elvis Print.pdf,GSTMTTYC__Erica - 2012 - Green Eyed Purple Elvis Print.pdf,Completed,1,1,0,0,200,90,0.19,
GT2ST8QU__Frank - 2017 - HuffPost Arts Interviews Ron English.pdf,GT2ST8QU__Frank - 2017 - HuffPost Arts Interviews Ron English.pdf,Completed,3,3,0,0,200,90,0.49,
GTFJ7DJL__Absolut - 1991 - Absolut English.pdf,GTFJ7DJL__Absolut - 1991 - Absolut English.pdf,Completed,1,1,0,0,200,90,0.42,
GVIPCALD__Scene Magazine - 1995 - Post-pop post-punk MOCA gallery.pdf,GVIPCALD__Scene Magazine - 1995 - Post-pop post-punk MOCA gallery.pdf,Completed,1,1,0,0,200,90,0.43,
GW39ENFH__The Art Colectors - 2009 - The Art Collectors.pdf,GW39ENFH__The Art Colectors - 2009 - The Art Collectors.pdf,Completed,2,2,0,0,200,90,0.56,
GYKLDICA___.pdf,GYKLDICA___.pdf,Completed,1,1,0,0,200,90,0.25,
GYW9HJVE___.pdf,GYW9HJVE___.pdf,Completed,2,2,0,0,200,90,0.59,
GZ3HAG9Y___.pdf,GZ3HAG9Y___.pdf,Completed,2,2,0,0,200,90,0.35,
GZFYVDDS___.pdf,GZFYVDDS___.pdf,Completed,1,1,0,0,200,90,0.75,
GZWCN6VY___.pdf,GZWCN6VY___.pdf,Completed,2,2,0,0,200,90,0.92,
H2HZ4X24__Estiler - 2017 - Ron English's New TOYBOX Exhibit Is Coming to Los Angeles.pdf,H2HZ4X24__Estiler - 2017 - Ron English's New TOYBOX Exhibit Is Coming to Los Angeles.pdf,Completed,2,2,0,0,200,90,0.41,
H44BKB2X__Chadwick - Critic's choice.pdf,H44BKB2X__Chadwick - Critic's choice.pdf,Completed,1,1,0,0,200,90,0.35,
H9Q2ZJCZ__Cover - 1994 - Art history update.pdf,H9Q2ZJCZ__Cover - 1994 - Art history update.pdf,Completed,1,1,0,0,200,90,0.42,
HBYX3LKR__Art Republic - 2012 - Ron english artist biography.pdf,HBYX3LKR__Art Republic - 2012 - Ron english artist biography.pdf,Completed,2,2,0,0,200,90,0.36,
HCKVGRIS__YES WE CAN  13 May - 10 Jul 2009 - Overview.pdf,HCKVGRIS__YES WE CAN  13 May - 10 Jul 2009 - Overview.pdf,Completed,6,6,0,0,200,90,1.73,
HCQY7TGB__Schlesinger - 1997 - English as a second language.pdf,HCQY7TGB__Schlesinger - 1997 - English as a second language.pdf,Completed,4,4,0,0,200,90,3.18,
HCZWH43X__Marina - 2010 - Ron English and Chris Brown Talk Collab It’s True.pdf,HCZWH43X__Marina - 2010 - Ron English and Chris Brown Talk Collab It’s True.pdf,Completed,1,1,0,0,200,90,0.24,
HD2RNC2F___.pdf,HD2RNC2F___.pdf,Completed,2,2,0,0,200,90,0.61,
"HHJVKUD6__Levy - 2011 - Ron English “Skin Deep” New Exhibition Lazarides Gallery, London June 24th.pdf","HHJVKUD6__Levy - 2011 - Ron English “Skin Deep” New Exhibition Lazarides Gallery, London June 24th.pdf",Completed,2,2,0,0,200,90,0.41,
HHXFV9PL__Walkos - 2010 - Interview Ron English.pdf,HHXFV9PL__Walkos - 2010 - Interview Ron English.pdf,Completed,4,4,0,0,200,90,0.91,
HIMMHZSN__Hart - Unknown - Art-to-Choke - The Helms degenerate art show.pdf,HIMMHZSN__Hart - Unknown - Art-to-Choke - The Helms degenerate art show.pdf,Completed,2,2,0,0,200,90,0.88,
HIW2NDDJ__Harris - 2014 - More crazy stories from street art Godfather Ron English.pdf,HIW2NDDJ__Harris - 2014 - More crazy stories from street art Godfather Ron English.pdf,Completed,8,8,0,0,200,90,1.74,
HIX5ERCV___.pdf,HIX5ERCV___.pdf,Completed,4,4,0,0,200,90,2.28,
HJHS9GHP__Enkil - 2011 - Uno de los Nuestros Ron English – Divertidas Reflexiones Pop.pdf,HJHS9GHP__Enkil - 2011 - Uno de los Nuestros Ron English – Divertidas Reflexiones Pop.pdf,Completed,14,14,0,0,200,90,3.26,
HLZ8GS8L___.pdf,HLZ8GS8L___.pdf,Completed,2,2,0,0,200,90,1.38,
HNBYGNI4__Vailati - 2020 - Ron English y esa obra de referencia del Renacimiento que no espreras.pdf,HNBYGNI4__Vailati - 2020 - Ron English y esa obra de referencia del Renacimiento que no espreras.pdf,Completed,2,2,0,0,200,90,0.6,
HQRC57RV__English - 1998 - The Second Coming of Daniel Johnston.pdf,HQRC57RV__English - 1998 - The Second Coming of Daniel Johnston.pdf,Completed,2,2,0,0,200,90,1.95,
HSC363LD__Ftp.icm.edu - 2016 - In Or Out.pdf,HSC363LD__Ftp.icm.edu - 2016 - In Or Out.pdf,Completed,2,2,0,0,200,90,0.34,
"HTFMCB2L__Juxtapoz - 2014 - TRAC2014, Women by Women, and Resonating Images III.pdf","HTFMCB2L__Juxtapoz - 2014 - TRAC2014, Women by Women, and Resonating Images III.pdf",Completed,1,1,0,0,200,90,0.23,
HTGBDUAF__Arsen - 2016 - Ron English Exhibition Opening in Rome Soon at Dorothy Circus Gallery.pdf,HTGBDUAF__Arsen - 2016 - Ron English Exhibition Opening in Rome Soon at Dorothy Circus Gallery.pdf,Completed,4,4,0,0,200,90,0.74,
HTMFLJA3___.pdf,HTMFLJA3___.pdf,Completed,2,2,0,0,200,90,0.67,
HU89C893__Fox - 2016 - Ron English NeoNature @ Corey Helford Gallery(2).pdf,HU89C893__Fox - 2016 - Ron English NeoNature @ Corey Helford Gallery(2).pdf,Completed,1,1,0,0,200,90,0.24,
HVNFDX38__Miller - 2009 - Banksy and friends head to Warrington Museum and Art Gallery for (R) Evolution urban art show.pdf,HVNFDX38__Miller - 2009 - Banksy and friends head to Warrington Museum and Art Gallery for (R) Evolution urban art show.pdf,Completed,6,6,0,0,200,90,1.16,
HVXSTU5N__Lasane - 2013 - Ron English x Clutter Magazine Resin Skull Collaboration.pdf,HVXSTU5N__Lasane - 2013 - Ron English x Clutter Magazine Resin Skull Collaboration.pdf,Completed,1,1,0,0,200,90,0.25,
HVZKWC7V___.pdf,HVZKWC7V___.pdf,Completed,2,2,0,0,200,90,1.14,
HW9ETHNB__Aimful Books - 2021 - The Wynwood Coloring Book 2.pdf,HW9ETHNB__Aimful Books - 2021 - The Wynwood Coloring Book 2.pdf,Completed,2,2,0,0,200,90,0.4,
HWIFTCAC__SlamXHype - 2007 - Ron English in NYC.pdf,HWIFTCAC__SlamXHype - 2007 - Ron English in NYC.pdf,Completed,2,2,0,0,200,90,1.13,
I25IVXYJ__Levy - 2015 - Coverage SURFACE by Søren Solkær Portraits and paintings of and by street artists at Allouche Gallery in New York.pdf,I25IVXYJ__Levy - 2015 - Coverage SURFACE by Søren Solkær Portraits and paintings of and by street artists at Allouche Gallery in New York.pdf,Completed,2,2,0,0,200,90,0.47,
I3APTI8T__Houston Post - 1992 - Pop America.pdf,I3APTI8T__Houston Post - 1992 - Pop America.pdf,Completed,1,1,0,0,200,90,0.23,
"I3IU3U7D__English, Clark - 1996 - Agit-Pop America.pdf","I3IU3U7D__English, Clark - 1996 - Agit-Pop America.pdf",Completed,10,10,0,0,200,90,6.25,
I45KWVZB__Daichendt - 2008 - Ron English(2).pdf,I45KWVZB__Daichendt - 2008 - Ron English(2).pdf,Completed,1,1,0,0,200,90,0.24,
I66XT2HA__juggernut3 - 2010 - Setup Ron English – “Status Factory” @ Opera Gallery.pdf,I66XT2HA__juggernut3 - 2010 - Setup Ron English – “Status Factory” @ Opera Gallery.pdf,Completed,5,5,0,0,200,90,1.28,
I8RGKDMJ__Allouche Gallery - 2021 - Brand loyalty(2).pdf,I8RGKDMJ__Allouche Gallery - 2021 - Brand loyalty(2).pdf,Completed,2,2,0,0,200,90,0.51,
I9D7VTFD__Juxtapoz - 2019 - Recap Murals in the Market Returns to Detroit.pdf,I9D7VTFD__Juxtapoz - 2019 - Recap Murals in the Market Returns to Detroit.pdf,Completed,1,1,0,0,200,90,0.25,
I9DXCG4J___.pdf,I9DXCG4J___.pdf,Completed,2,2,0,0,200,90,0.82,
IBPRZYFF__Cheong - 2015 - Product Grand Scheme x Kid Zoom x Ron English.pdf,IBPRZYFF__Cheong - 2015 - Product Grand Scheme x Kid Zoom x Ron English.pdf,Completed,1,1,0,0,200,90,0.33,
IBXNSBII__ArrestedMotion - 2009 - Openings Ron English – “Nimbus Vapor” @ Opera Gal.pdf,IBXNSBII__ArrestedMotion - 2009 - Openings Ron English – “Nimbus Vapor” @ Opera Gal.pdf,Completed,8,8,0,0,200,90,2.61,
ICJNG8ZE__Gonzalez - 2011 - Openings Ron English – “English 101” @ Post No Bills.pdf,ICJNG8ZE__Gonzalez - 2011 - Openings Ron English – “English 101” @ Post No Bills.pdf,Completed,5,5,0,0,200,90,1.35,
IDCEX24N___.pdf,IDCEX24N___.pdf,Completed,4,4,0,0,200,90,1.57,
"IE6WYI65__Juxtapoz - 2014 - Exclusive Preview, n2 Art Truancy Celebrating 20 Years of Juxtapoz Magazine @ Jonathan LeVine Gallery, NYC.pdf","IE6WYI65__Juxtapoz - 2014 - Exclusive Preview, n2 Art Truancy Celebrating 20 Years of Juxtapoz Magazine @ Jonathan LeVine Gallery, NYC.pdf",Completed,2,2,0,0,200,90,0.57,
IEAQ8MSN___.pdf,IEAQ8MSN___.pdf,Completed,1,1,0,0,200,90,0.83,
IEFWWLIL__Allouche Gallery - 2018 - Ron English Delusionville.pdf,IEFWWLIL__Allouche Gallery - 2018 - Ron English Delusionville.pdf,Completed,38,38,0,0,200,90,8.5,
IFQET6YX__Yoo - 2009 - 19 Awesome Pieces at the Hello Kitty Art Show.pdf,IFQET6YX__Yoo - 2009 - 19 Awesome Pieces at the Hello Kitty Art Show.pdf,Completed,1,1,0,0,200,90,0.23,
IFXZQ2J6__Opera Gallery - The Very Best of Urban Art.pdf,IFXZQ2J6__Opera Gallery - The Very Best of Urban Art.pdf,Completed,4,4,0,0,200,90,11.67,
II9SP4SS__Tokyo Art Fair - 2019 - The count-down is on for Tokyo's most vibrant art event this year.pdf,II9SP4SS__Tokyo Art Fair - 2019 - The count-down is on for Tokyo's most vibrant art event this year.pdf,Completed,3,3,0,0,200,90,0.68,
IL33L3V5__Also Known As - 2019 - Ron english aka the propaganda pop master.pdf,IL33L3V5__Also Known As - 2019 - Ron english aka the propaganda pop master.pdf,Completed,4,4,0,0,200,90,1.04,
ILLQM32P___.pdf,ILLQM32P___.pdf,Completed,7,7,0,0,200,90,5.84,
IMJF9E57__Nastasijevic - 2014 - Pow! Wow! On The Walls! Go!.pdf,IMJF9E57__Nastasijevic - 2014 - Pow! Wow! On The Walls! Go!.pdf,Completed,1,1,0,0,200,90,0.27,
IMJMDTAA___.pdf,IMJMDTAA___.pdf,Completed,2,2,0,0,200,90,0.76,
IN5AD93V__Willfolk - 2008 - A Politic.pdf,IN5AD93V__Willfolk - 2008 - A Politic.pdf,Completed,3,3,0,0,200,90,1.44,
INQES857__Gallery Art Show - 2011 - Texas Gallery Art Show.pdf,INQES857__Gallery Art Show - 2011 - Texas Gallery Art Show.pdf,Completed,1,1,0,0,200,90,0.11,
IQY879YE__Mitchell - 2009 - Ron English Iconoclastic genius.pdf,IQY879YE__Mitchell - 2009 - Ron English Iconoclastic genius.pdf,Completed,2,2,0,0,200,90,0.65,
IRMBUIYW__Heritage Auctions - 2007 - Ron English (b. 1959).pdf,IRMBUIYW__Heritage Auctions - 2007 - Ron English (b. 1959).pdf,Completed,1,1,0,0,200,90,0.23,
IRSLLPYJ__Erica - 2013 - Check out what Ron English has in store for SDCC13.pdf,IRSLLPYJ__Erica - 2013 - Check out what Ron English has in store for SDCC13.pdf,Completed,1,1,0,0,200,90,0.23,
IUBKXIDG__Petrick - 2005 - Who owns Barbie.pdf,IUBKXIDG__Petrick - 2005 - Who owns Barbie.pdf,Completed,2,2,0,0,200,90,0.52,
IV8VZ8ID__Rushmore - 2011 - Ron English gives a glimpse behind the scenes of Exit.pdf,IV8VZ8ID__Rushmore - 2011 - Ron English gives a glimpse behind the scenes of Exit.pdf,Completed,1,1,0,0,200,90,0.24,
IW7FF7JT___.pdf,IW7FF7JT___.pdf,Completed,2,2,0,0,200,90,0.9,
IX8ZFBA6__My Plastic Blog - 2010 - Recap – Ron English ‘Status Factory’.pdf,IX8ZFBA6__My Plastic Blog - 2010 - Recap – Ron English ‘Status Factory’.pdf,Completed,1,1,0,0,200,90,0.16,
IYEHLNB4__The Art Colectors - 2009 - Tonight Ron English at Elms Lesters.pdf,IYEHLNB4__The Art Colectors - 2009 - Tonight Ron English at Elms Lesters.pdf,Completed,1,1,0,0,200,90,0.38,
IYL9FMS6__Corey Helford Gallery - 2013 - POPAGANDASTAN(2).pdf,IYL9FMS6__Corey Helford Gallery - 2013 - POPAGANDASTAN(2).pdf,Completed,1,1,0,0,200,90,0.28,
IYMHFMZF__Braun - 2014 - Highlights July 14 – 20.pdf,IYMHFMZF__Braun - 2014 - Highlights July 14 – 20.pdf,Completed,2,2,0,0,200,90,0.4,
J444CSWS__Armand - 2014 - Throwback Thursday Pow!Wow! Hawaii 2014 Print Series.pdf,J444CSWS__Armand - 2014 - Throwback Thursday Pow!Wow! Hawaii 2014 Print Series.pdf,Completed,2,2,0,0,200,90,0.42,
J4A4N3UB__Juxtapoz - 2015 - NurtureART Inspired by Andy Warhol.pdf,J4A4N3UB__Juxtapoz - 2015 - NurtureART Inspired by Andy Warhol.pdf,Completed,1,1,0,0,200,90,0.2,
J76FBWYK__Street Art News - 2020 - Ron English is selling Face Masks for a Great Cause!.pdf,J76FBWYK__Street Art News - 2020 - Ron English is selling Face Masks for a Great Cause!.pdf,Completed,3,3,0,0,200,90,0.81,
"J7NVD9TT__Art Daily - 2015 - Corey Helford Gallery celebrates grand opening of new downtown L.A. 12,000 sq. ft. space.pdf","J7NVD9TT__Art Daily - 2015 - Corey Helford Gallery celebrates grand opening of new downtown L.A. 12,000 sq. ft. space.pdf",Completed,1,1,0,0,200,90,0.34,
J7RCQ7EQ__Unknown - Unknown - Name that Tunnel.pdf,J7RCQ7EQ__Unknown - Unknown - Name that Tunnel.pdf,Completed,1,1,0,0,200,90,0.37,
J883389K__Armand - 2019 - 30 New Walls Painted in Detroit’s Eastern Market for Murals In The Market Festival 2019.pdf,J883389K__Armand - 2019 - 30 New Walls Painted in Detroit’s Eastern Market for Murals In The Market Festival 2019.pdf,Completed,2,2,0,0,200,90,0.31,
J8R9QLEF___ - Copy.pdf,J8R9QLEF___ - Copy.pdf,Completed,5,5,0,0,200,90,2.89,
J9J5JWQR__Maeland - 2011 - Ron English English 101 Exhibition @ POST NO BILLS.pdf,J9J5JWQR__Maeland - 2011 - Ron English English 101 Exhibition @ POST NO BILLS.pdf,Completed,1,1,0,0,200,90,0.27,
J9ZNT5MR___.pdf,J9ZNT5MR___.pdf,Completed,2,2,0,0,200,90,0.74,
JA2IWGF8___.pdf,JA2IWGF8___.pdf,Completed,5,5,0,0,200,90,2.04,
JCNNK7W3__Seven Seas Contents - 1992 - Show Japan file.pdf,JCNNK7W3__Seven Seas Contents - 1992 - Show Japan file.pdf,Completed,2,2,0,0,200,90,1.47,
JEJFDJ2F__Kaimann - 1999 - Big lofts small city.pdf,JEJFDJ2F__Kaimann - 1999 - Big lofts small city.pdf,Completed,1,1,0,0,200,90,0.15,
JFWRJBR3___.pdf,JFWRJBR3___.pdf,Completed,2,2,0,0,200,90,0.41,
JGEFSGQL___.pdf,JGEFSGQL___.pdf,Completed,9,9,0,0,200,90,4.28,
JGJQR84R__Sleepboy - 2016 - Upcoming Ron English – “Guernica” @ Allouche Gallery.pdf,JGJQR84R__Sleepboy - 2016 - Upcoming Ron English – “Guernica” @ Allouche Gallery.pdf,Completed,1,1,0,0,200,90,0.22,
JI2QNNYI__The Santa Fe New Mexican - 2005 - Art & Crimes of Ron English.pdf,JI2QNNYI__The Santa Fe New Mexican - 2005 - Art & Crimes of Ron English.pdf,Completed,1,1,0,0,200,90,0.24,
JIVBUNC6___.pdf,JIVBUNC6___.pdf,Completed,1,1,0,0,200,90,0.23,
JKA2N3VH__Man - 2017 - Interview Ron English on The Work From His New Show TOYBOX @ Corey Helford Gallery.pdf,JKA2N3VH__Man - 2017 - Interview Ron English on The Work From His New Show TOYBOX @ Corey Helford Gallery.pdf,Completed,5,5,0,0,200,90,1.34,
JL558PJQ__Knaebel - 2002 - AllMusic Review.pdf,JL558PJQ__Knaebel - 2002 - AllMusic Review.pdf,Completed,1,1,0,0,200,90,0.25,
JNPGSLH6__Corey K - 2011 - Ron English Seasons In Supurbia Exhibition @ Corey Helford Gallery.pdf,JNPGSLH6__Corey K - 2011 - Ron English Seasons In Supurbia Exhibition @ Corey Helford Gallery.pdf,Completed,2,2,0,0,200,90,0.51,
JPNS8KVI__Brooklyn Street Art - 2009 - Headbanger Logan Hicks Brings His Posse To Celebrate A Brand New Green Day.pdf,JPNS8KVI__Brooklyn Street Art - 2009 - Headbanger Logan Hicks Brings His Posse To Celebrate A Brand New Green Day.pdf,Completed,4,4,0,0,200,90,0.78,
JQ2B8ZPW__Frank - 2017 - New Ron English Exhibition At Opera Gallery Brings ‘Crucial Fiction’ To New York.pdf,JQ2B8ZPW__Frank - 2017 - New Ron English Exhibition At Opera Gallery Brings ‘Crucial Fiction’ To New York.pdf,Completed,2,2,0,0,200,90,0.52,
JRHKTBLT__Artista Day - 2010 - Ron English.pdf,JRHKTBLT__Artista Day - 2010 - Ron English.pdf,Completed,3,3,0,0,200,90,0.48,
"JRUQ3DRZ__Jack - 2019 - Ron English's 'The Rabbits' Concert in Beacon, NY.pdf","JRUQ3DRZ__Jack - 2019 - Ron English's 'The Rabbits' Concert in Beacon, NY.pdf",Completed,1,1,0,0,200,90,0.23,
JSWVT4BA__THINK Global School Proudly - 2011 - Mousemask Murphy - By Ron English- Analysis of Format Qualities.pdf,JSWVT4BA__THINK Global School Proudly - 2011 - Mousemask Murphy - By Ron English- Analysis of Format Qualities.pdf,Completed,5,5,0,0,200,90,3.19,
JU78YHG9__Mighty Jaxx - 2008 - Ron English.pdf,JU78YHG9__Mighty Jaxx - 2008 - Ron English.pdf,Completed,5,5,0,0,200,90,1.36,
JUXC6WBI__MF3Dmodels - 2013 - Ron English Portrait for FLUSH magazine.pdf,JUXC6WBI__MF3Dmodels - 2013 - Ron English Portrait for FLUSH magazine.pdf,Completed,2,2,0,0,200,90,0.59,
JVTUZGNJ__English - 1991 - The morning after.pdf,JVTUZGNJ__English - 1991 - The morning after.pdf,Completed,1,1,0,0,200,90,0.41,
JY2XUTQG__Absolut - 1992 - Absolut Ad.pdf,JY2XUTQG__Absolut - 1992 - Absolut Ad.pdf,Completed,1,1,0,0,200,90,0.9,
"JZH9P2MZ__Notable Life - 2011 - Chris Brown, FAME Ron English.pdf","JZH9P2MZ__Notable Life - 2011 - Chris Brown, FAME Ron English.pdf",Completed,1,1,0,0,200,90,0.28,
JZKSZ248___.pdf,JZKSZ248___.pdf,Completed,1,1,0,0,200,90,0.55,
JZL5YIJN__Art Newspaper - 2009 - US artists get Obamania.pdf,JZL5YIJN__Art Newspaper - 2009 - US artists get Obamania.pdf,Completed,1,1,0,0,200,90,0.47,
JZTRSD8C__Olivri - 2011 - Opera Gallery NYC South Park Art Show.pdf,JZTRSD8C__Olivri - 2011 - Opera Gallery NYC South Park Art Show.pdf,Completed,16,16,0,0,200,90,3.73,
K38WQHZJ__Smoke Muse - 2011 - That's My Boy.pdf,K38WQHZJ__Smoke Muse - 2011 - That's My Boy.pdf,Completed,1,1,0,0,200,90,0.21,
"K4L3AHEW__Lazrak - 2015 - Street Art NYC at Main Street at the Museum Mohamed VI with C215, Case Maclaim, Tilt, Ron English, Miss Van and Simo Mou.pdf","K4L3AHEW__Lazrak - 2015 - Street Art NYC at Main Street at the Museum Mohamed VI with C215, Case Maclaim, Tilt, Ron English, Miss Van and Simo Mou.pdf",Completed,5,5,0,0,200,90,1.3,
K6KFUKZN__Fox - 2012 - Chris Brown x Ron English DUM ENGLISH Launch Recap @ Cory Helford Gallery - Copy (2).pdf,K6KFUKZN__Fox - 2012 - Chris Brown x Ron English DUM ENGLISH Launch Recap @ Cory Helford Gallery - Copy (2).pdf,Completed,9,9,0,0,200,90,2.34,
K8HT76LY__Downtown - 1992 - Ron English y The Art Around To - About This Week'.pdf,K8HT76LY__Downtown - 1992 - Ron English y The Art Around To - About This Week'.pdf,Completed,2,2,0,0,200,90,1.02,
KAQ3T5RZ__Steve Lambert - 2016 - Capitalism At The Station Museum In Houston TX.pdf,KAQ3T5RZ__Steve Lambert - 2016 - Capitalism At The Station Museum In Houston TX.pdf,Completed,1,1,0,0,200,90,0.27,
KBBV8U39__Dallas Studio - 1983 - The circus 1983.pdf,KBBV8U39__Dallas Studio - 1983 - The circus 1983.pdf,Completed,7,7,0,0,200,90,7.27,
KBCNKLFW___.pdf,KBCNKLFW___.pdf,Completed,2,2,0,0,200,90,1.47,
KCEINNQ5__Bamberger - 2003 - Fifty24sf gallery ron english opening 12.05.03.pdf,KCEINNQ5__Bamberger - 2003 - Fifty24sf gallery ron english opening 12.05.03.pdf,Completed,7,7,0,0,200,90,1.05,
KDLKV7V6__Wide Walls - 2017 - Ron English - The Last Supper.pdf,KDLKV7V6__Wide Walls - 2017 - Ron English - The Last Supper.pdf,Completed,1,1,0,0,200,90,0.23,
KDQFAJI7__Dallas Studio - 1983 - The Circus Ron English - The Expression Magazine.pdf,KDQFAJI7__Dallas Studio - 1983 - The Circus Ron English - The Expression Magazine.pdf,Completed,5,5,0,0,200,90,2.03,
KE8UMXMP__TTC Beard - 2017 - New Collab between Mighty Jaxx & Jeff Staple & Ron English(2).pdf,KE8UMXMP__TTC Beard - 2017 - New Collab between Mighty Jaxx & Jeff Staple & Ron English(2).pdf,Completed,2,2,0,0,200,90,0.57,
KEUVGTXW__viewcomiconline y ReadFullComic - 2018 - Mad Magazine Issue 1  Read Mad Magazine Issue 1 c.pdf,KEUVGTXW__viewcomiconline y ReadFullComic - 2018 - Mad Magazine Issue 1  Read Mad Magazine Issue 1 c.pdf,Completed,50,50,0,0,200,90,20.36,
KH4BEFRJ__Rushmore - 2011 - Ron English at Lazarides Gallery.pdf,KH4BEFRJ__Rushmore - 2011 - Ron English at Lazarides Gallery.pdf,Completed,1,1,0,0,200,90,0.28,
KHD7SL9S__Kirkland - Unknown - The poster boy for subversion.pdf,KHD7SL9S__Kirkland - Unknown - The poster boy for subversion.pdf,Completed,1,1,0,0,200,90,0.53,
KHFJ6AM6___.pdf,KHFJ6AM6___.pdf,Completed,3,3,0,0,200,90,1.09,
"KI2B7KD6__Harris - 2014 - Popaganda! A Conversation With Ron English, The Godfather Of Street Art(2).pdf","KI2B7KD6__Harris - 2014 - Popaganda! A Conversation With Ron English, The Godfather Of Street Art(2).pdf",Completed,6,6,0,0,200,90,1.3,
KJT8L4DV__Lostin Asuper Market - 2010 - Ron English Gallery Opening In New York.pdf,KJT8L4DV__Lostin Asuper Market - 2010 - Ron English Gallery Opening In New York.pdf,Completed,1,1,0,0,200,90,0.29,
KK2KDRX3__ArtSpeak - 1989 - Art on the run.pdf,KK2KDRX3__ArtSpeak - 1989 - Art on the run.pdf,Completed,1,1,0,0,200,90,0.36,
KK7XJXD7__Citifiable - 2011 - South Park 15th Anniversary Art Exhibition curated by Ron.pdf,KK7XJXD7__Citifiable - 2011 - South Park 15th Anniversary Art Exhibition curated by Ron.pdf,Completed,1,1,0,0,200,90,0.24,
KKBBVNF5___.pdf,KKBBVNF5___.pdf,Completed,1,1,0,0,200,90,0.19,
KNM3F8M6__Heitzmann - 2019 - Allouche Gallery découverte d’une galerie à l’image de l’art moderne.pdf,KNM3F8M6__Heitzmann - 2019 - Allouche Gallery découverte d’une galerie à l’image de l’art moderne.pdf,Completed,3,3,0,0,200,90,0.79,
KPAW3KV8__1990 - Long Shot Vol 11.pdf,KPAW3KV8__1990 - Long Shot Vol 11.pdf,Completed,5,5,0,0,200,90,0.81,
KPCNTD9N__Wide Walls - 2016 - Guernicas.pdf,KPCNTD9N__Wide Walls - 2016 - Guernicas.pdf,Completed,1,1,0,0,200,90,0.21,
KQ6YFE5E___.pdf,KQ6YFE5E___.pdf,Completed,1,1,0,0,200,90,0.51,
KSRTXWNF___.pdf,KSRTXWNF___.pdf,Completed,3,3,0,0,200,90,2.44,
KTN3URUQ__Texans invade the Big Apple - 1986 - Lone Star Beat.pdf,KTN3URUQ__Texans invade the Big Apple - 1986 - Lone Star Beat.pdf,Completed,1,1,0,0,200,90,0.36,
KXCLARA5__Brooklyn Street Art - 2012 - “Making Faces” At Opera - A New York Party.pdf,KXCLARA5__Brooklyn Street Art - 2012 - “Making Faces” At Opera - A New York Party.pdf,Completed,2,2,0,0,200,90,0.34,
KY8N3LPW__jdfasho - 2021 - OG artist Ron English is going to explode on VeVe! It's already happening! Cereal Killers are HOT!.pdf,KY8N3LPW__jdfasho - 2021 - OG artist Ron English is going to explode on VeVe! It's already happening! Cereal Killers are HOT!.pdf,Completed,6,6,0,0,200,90,1.44,
KZBR2SL2__Complex - 2011 - Ron English English 101 at Post No Bills.pdf,KZBR2SL2__Complex - 2011 - Ron English English 101 at Post No Bills.pdf,Completed,1,1,0,0,200,90,0.22,
KZQ7BXPA__Beale - 2011 - Photos South Park 15th Anniversary Art Exhibition In New York City.pdf,KZQ7BXPA__Beale - 2011 - Photos South Park 15th Anniversary Art Exhibition In New York City.pdf,Completed,7,7,0,0,200,90,1.55,
L3D9MGNT___.pdf,L3D9MGNT___.pdf,Completed,1,1,0,0,200,90,0.21,
L5C96J92___.pdf,L5C96J92___.pdf,Completed,1,1,0,0,200,90,0.38,
L732HYBS__Courtesy STENDHAL Gallery - 1991 - Ron English.pdf,L732HYBS__Courtesy STENDHAL Gallery - 1991 - Ron English.pdf,Completed,1,1,0,0,200,90,0.33,
L7D662KV__Rushmore - 2012 - Ron English’s solo show “Crucial Fiction” opens on the 8th.pdf,L7D662KV__Rushmore - 2012 - Ron English’s solo show “Crucial Fiction” opens on the 8th.pdf,Completed,2,2,0,0,200,90,0.48,
L7TSQWJV__Apha Omega Arts - 2012 - Artist Ron English views Consumerism and Religion as the desire to dominate.pdf,L7TSQWJV__Apha Omega Arts - 2012 - Artist Ron English views Consumerism and Religion as the desire to dominate.pdf,Completed,1,1,0,0,200,90,0.24,
L8ARIFZQ__Glasstire - 2011 - Ron English You Are Not Here.pdf,L8ARIFZQ__Glasstire - 2011 - Ron English You Are Not Here.pdf,Completed,1,1,0,0,200,90,0.27,
L8AXJZTA___.pdf,L8AXJZTA___.pdf,Completed,1,1,0,0,200,90,0.71,
L8N9PVBL__The Highlands Current - 2020 - Wild Masks.pdf,L8N9PVBL__The Highlands Current - 2020 - Wild Masks.pdf,Completed,24,24,0,0,200,90,11.13,
L9FHX79A__The Monitor - 2011 - You are not here by Ron English.pdf,L9FHX79A__The Monitor - 2011 - You are not here by Ron English.pdf,Completed,1,1,0,0,200,90,0.24,
L9SJ9ZF5__Albrecht - 2013 - Ron English’s “Popagandastan”.pdf,L9SJ9ZF5__Albrecht - 2013 - Ron English’s “Popagandastan”.pdf,Completed,2,2,0,0,200,90,0.54,
LAN6UJI3__Japan blurb - Unknown - Revolovetion.pdf,LAN6UJI3__Japan blurb - Unknown - Revolovetion.pdf,Completed,1,1,0,0,200,90,0.21,
LF52TZHS__Cronin - 2017 - Down the Rabb (b) it Hole with Ron English.pdf,LF52TZHS__Cronin - 2017 - Down the Rabb (b) it Hole with Ron English.pdf,Completed,4,4,0,0,200,90,1.01,
LFLXW3GR___.pdf,LFLXW3GR___.pdf,Completed,1,1,0,0,200,90,0.26,
LHASUN8Z__25 Gramos - 2010 - X-RAY Guernica de Ron English.pdf,LHASUN8Z__25 Gramos - 2010 - X-RAY Guernica de Ron English.pdf,Completed,1,1,0,0,200,90,0.15,
LIGDUG25___.pdf,LIGDUG25___.pdf,Completed,11,11,0,0,200,90,4.99,
LJP26R34__Norval - 2018 - Ron English - Always on-Brand - Copy.pdf,LJP26R34__Norval - 2018 - Ron English - Always on-Brand - Copy.pdf,Completed,7,7,0,0,200,90,1.67,
LK6K7YM9__Diaz - 2018 - Collect For Cause.pdf,LK6K7YM9__Diaz - 2018 - Collect For Cause.pdf,Completed,4,4,0,0,200,90,1.25,
LR7DKDP4__jdfasho - 2021 - Ron English is exactly the type of artist we needed for the VeVe platform! His Cereal Killers Series.pdf,LR7DKDP4__jdfasho - 2021 - Ron English is exactly the type of artist we needed for the VeVe platform! His Cereal Killers Series.pdf,Completed,6,6,0,0,200,90,1.43,
LUI7VH9J__VAGA - 1995 - Ron English - The Reconstruction.pdf,LUI7VH9J__VAGA - 1995 - Ron English - The Reconstruction.pdf,Completed,1,1,0,0,200,90,0.21,
LW499VS4__Vandal artists.pdf,LW499VS4__Vandal artists.pdf,Completed,1,1,0,0,200,90,0.23,
LW8AM32D__BAC2013 (1).pdf,LW8AM32D__BAC2013 (1).pdf,Completed,128,128,0,0,200,90,28.41,
LWUXUPYB__Silverman - 2009 - Art is plain ‘English’.pdf,LWUXUPYB__Silverman - 2009 - Art is plain ‘English’.pdf,Completed,2,2,0,0,200,90,0.38,
LX2TCS4T___.pdf,LX2TCS4T___.pdf,Completed,1,1,0,0,200,90,0.27,
LYAFGAAN___.pdf,LYAFGAAN___.pdf,Completed,3,3,0,0,200,90,1.69,
M2ZGNVHH__Conde - 2016 - Ron English reinventa el Guernica de Picasso.pdf,M2ZGNVHH__Conde - 2016 - Ron English reinventa el Guernica de Picasso.pdf,Completed,1,1,0,0,200,90,0.28,
M95TEAQZ__Swigger - 2002 - Don't try this at home.pdf,M95TEAQZ__Swigger - 2002 - Don't try this at home.pdf,Completed,2,2,0,0,200,90,0.4,
M9DAG3GL___.pdf,M9DAG3GL___.pdf,Completed,2,2,0,0,200,90,1.07,
MBUFCHQT__Westall - 2009 - Ron English – A Solo Show Private View Thursday 7th May At Elms Lester Gallery.pdf,MBUFCHQT__Westall - 2009 - Ron English – A Solo Show Private View Thursday 7th May At Elms Lester Gallery.pdf,Completed,2,2,0,0,200,90,0.45,
MBUFMVI3___.pdf,MBUFMVI3___.pdf,Completed,1,1,0,0,200,90,0.2,
MEIC95JY__Anda - 2011 - New Pop Art by Ron English.pdf,MEIC95JY__Anda - 2011 - New Pop Art by Ron English.pdf,Completed,7,7,0,0,200,90,1.9,
"MG63LTES__Speegle - 2020 - Artists Like KAWS, Banksy, Damien Hirst, Ai Wei Wei, Ron English & More Are Making New Work in Quarantine.pdf","MG63LTES__Speegle - 2020 - Artists Like KAWS, Banksy, Damien Hirst, Ai Wei Wei, Ron English & More Are Making New Work in Quarantine.pdf",Completed,3,3,0,0,200,90,0.63,
MG8482IV__Estiler - 2015 - NYC's Allouche Gallery Enlists Ron English for First Solo Exhibition.pdf,MG8482IV__Estiler - 2015 - NYC's Allouche Gallery Enlists Ron English for First Solo Exhibition.pdf,Completed,7,7,0,0,200,90,1.54,
MGVAYGGN__Kan - 2008 - Ron English The Secret of Kiss Exhibition.pdf,MGVAYGGN__Kan - 2008 - Ron English The Secret of Kiss Exhibition.pdf,Completed,7,7,0,0,200,90,1.68,
MLFTAJA6__Anda - 2002 - Cirque du Soleil Art.pdf,MLFTAJA6__Anda - 2002 - Cirque du Soleil Art.pdf,Completed,1,1,0,0,200,90,0.28,
MMIS59JE__Studio of the Future - 2018 - Studio of the Future.pdf,MMIS59JE__Studio of the Future - 2018 - Studio of the Future.pdf,Completed,8,8,0,0,200,90,1.58,
MNSP8XPS__Erica - 2014 - Ron English's Star Skull vinyl on Kickstarter!.pdf,MNSP8XPS__Erica - 2014 - Ron English's Star Skull vinyl on Kickstarter!.pdf,Completed,1,1,0,0,200,90,0.24,
MR7Q94LE___.pdf,MR7Q94LE___.pdf,Completed,2,2,0,0,200,90,0.94,
"MSZ7L3C4__Cibula, Bleney - 2015 - Ron English.pdf","MSZ7L3C4__Cibula, Bleney - 2015 - Ron English.pdf",Completed,2,2,0,0,200,90,0.42,
MTVZJ8V9___.pdf,MTVZJ8V9___.pdf,Completed,5,5,0,0,200,90,1.69,
MUNJL6KW___.pdf,MUNJL6KW___.pdf,Completed,2,2,0,0,200,90,0.82,
MVJQFYSD___.pdf,MVJQFYSD___.pdf,Completed,1,1,0,0,200,90,0.8,
"MVX6CACW__González - 2016 - El artista Ron English, creador de la POPaganda, se mofa de las megaempresas de alimentación.pdf","MVX6CACW__González - 2016 - El artista Ron English, creador de la POPaganda, se mofa de las megaempresas de alimentación.pdf",Completed,2,2,0,0,200,90,0.44,
MWR5UKPJ___.pdf,MWR5UKPJ___.pdf,Completed,2,2,0,0,200,90,0.66,
N2GRUSKP__CBGB & Omfug - 2000 - Jonathan Le Vine Proudly Present - Lords of the Lowbrw II.pdf,N2GRUSKP__CBGB & Omfug - 2000 - Jonathan Le Vine Proudly Present - Lords of the Lowbrw II.pdf,Completed,1,1,0,0,200,90,0.16,
"N3CW9D3Z__Levy - 2011 - “Street Brewed” Group Exhibition With Mear One, Swoon, Shepard Fairey… Tonight @ Angel City Brewing, Los Angeles.pdf","N3CW9D3Z__Levy - 2011 - “Street Brewed” Group Exhibition With Mear One, Swoon, Shepard Fairey… Tonight @ Angel City Brewing, Los Angeles.pdf",Completed,2,2,0,0,200,90,0.41,
N3UZLD56__Art Wynwood - 2019 - AW Tony Goldman Lifetime Artistic Achievement Award Dinner.pdf,N3UZLD56__Art Wynwood - 2019 - AW Tony Goldman Lifetime Artistic Achievement Award Dinner.pdf,Completed,1,1,0,0,200,90,0.24,
N4EBX838___.pdf,N4EBX838___.pdf,Completed,1,1,0,0,200,90,0.42,
NGLWZYAM__English - 1974 - Comic - Lakeview High School.pdf,NGLWZYAM__English - 1974 - Comic - Lakeview High School.pdf,Completed,1,1,0,0,200,90,0.13,
NGMVHZ7J__Caro - 2015 - Ron English Examines the Art of Evolution in “ NeoNature ”.pdf,NGMVHZ7J__Caro - 2015 - Ron English Examines the Art of Evolution in “ NeoNature ”.pdf,Completed,5,5,0,0,200,90,1.28,
"NGVG2PN2__Kaimann - 1999 - Big Lofts, small city - Jersey City's revamped warehouses offer fertile ground for rising visual artists.pdf","NGVG2PN2__Kaimann - 1999 - Big Lofts, small city - Jersey City's revamped warehouses offer fertile ground for rising visual artists.pdf",Completed,1,1,0,0,200,90,0.24,
NK5YV7NN___.pdf,NK5YV7NN___.pdf,Completed,6,6,0,0,200,90,3.65,
NKDHRLM8___.pdf,NKDHRLM8___.pdf,Completed,7,7,0,0,200,90,4.54,
NLBZJERH__Museum Of Contemporary Art - 2003 - Public Image (Private Image).pdf,NLBZJERH__Museum Of Contemporary Art - 2003 - Public Image (Private Image).pdf,Completed,1,1,0,0,200,90,0.45,
NM32DBHU___.pdf,NM32DBHU___.pdf,Completed,1,1,0,0,200,90,0.24,
NQWB5V77__Symposium - 2011 - Americana Artist Turn Pop Art Prankster.pdf,NQWB5V77__Symposium - 2011 - Americana Artist Turn Pop Art Prankster.pdf,Completed,9,9,0,0,200,90,4.23,
NTZ9J6U7__1993 - Long Shot Vol 15.pdf,NTZ9J6U7__1993 - Long Shot Vol 15.pdf,Completed,4,4,0,0,200,90,0.69,
NUVX6UA9___.pdf,NUVX6UA9___.pdf,Completed,2,2,0,0,200,90,0.7,
NVX7QKD8___.pdf,NVX7QKD8___.pdf,Completed,2,2,0,0,200,90,0.76,
NXM5T8WI__The Week sept 5 2003 Where to by Ron English - Popaganda at Robert Berman Gallery.pdf,NXM5T8WI__The Week sept 5 2003 Where to by Ron English - Popaganda at Robert Berman Gallery.pdf,Completed,1,1,0,0,200,90,0.35,
NYX3LHP4__Daichendt - 2016 - Ron English.pdf,NYX3LHP4__Daichendt - 2016 - Ron English.pdf,Completed,1,1,0,0,200,90,0.22,
"NYZ35PY8__Brooklyn Street Art - 2011 - Lazarides Gallery Presents Ron English “Skin Deep” (London, UK).pdf","NYZ35PY8__Brooklyn Street Art - 2011 - Lazarides Gallery Presents Ron English “Skin Deep” (London, UK).pdf",Completed,2,2,0,0,200,90,0.36,
P2C35FLR__thumbnail_John Lennon 1980 .pdf,P2C35FLR__thumbnail_John Lennon 1980 .pdf,Completed,1,1,0,0,200,90,0.16,
P2DPASJL___.pdf,P2DPASJL___.pdf,Completed,2,2,0,0,200,90,1.14,
P43JJUTI__The Drop NYC - 2016 - Ron English First Solo Exhibition In NYC.pdf,P43JJUTI__The Drop NYC - 2016 - Ron English First Solo Exhibition In NYC.pdf,Completed,4,4,0,0,200,90,0.94,
P573IYMG__Hart - 2014 - Marlboro Boy And Fat Ronald The Brand-Jamming.pdf,P573IYMG__Hart - 2014 - Marlboro Boy And Fat Ronald The Brand-Jamming.pdf,Completed,5,5,0,0,200,90,1.14,
P5N5SXVX___.pdf,P5N5SXVX___.pdf,Completed,1,1,0,0,200,90,0.63,
P5XT4ATA__Palm Beach Daily News - 1993 - Wings of Desire.pdf,P5XT4ATA__Palm Beach Daily News - 1993 - Wings of Desire.pdf,Completed,1,1,0,0,200,90,0.41,
P6SN7YA3__GraffitiArt28.pdf,P6SN7YA3__GraffitiArt28.pdf,Completed,3,3,0,0,200,90,0.94,
P97YMEJJ___.pdf,P97YMEJJ___.pdf,Completed,1,1,0,0,200,90,0.24,
"P99RGZ6G__Washington Times july 5, 2001 Second Childhood Rockville Arts Place.pdf","P99RGZ6G__Washington Times july 5, 2001 Second Childhood Rockville Arts Place.pdf",Completed,1,1,0,0,200,90,0.11,
"PAKBQZT8__Lakin - 2018 - In the Cradle of Hip-Hop, a South Bronx Gallery Bridges a Gap.pdf","PAKBQZT8__Lakin - 2018 - In the Cradle of Hip-Hop, a South Bronx Gallery Bridges a Gap.pdf",Completed,8,8,0,0,200,90,1.59,
PB55TNY8___ - Copy.pdf,PB55TNY8___ - Copy.pdf,Completed,1,1,0,0,200,90,0.87,
PBJKRIFY__Wide Walls - 2015 - Ron English's NeoNature We Are the New They.pdf,PBJKRIFY__Wide Walls - 2015 - Ron English's NeoNature We Are the New They.pdf,Completed,5,5,0,0,200,90,1.21,
PCNUGI7P__Lane - 2015 - Art Now and Then.pdf,PCNUGI7P__Lane - 2015 - Art Now and Then.pdf,Completed,6,6,0,0,200,90,1.2,
PCSKGVD9__Montgomery Gazette - 1995 - Reliving black history thorugh the camera's lens.pdf,PCSKGVD9__Montgomery Gazette - 1995 - Reliving black history thorugh the camera's lens.pdf,Completed,1,1,0,0,200,90,0.48,
"PFEGR393__A Esthetica Magazine - 2011 - Postmodernist Appropriation, Ron English Skin Deep, Lazarides Gallery, London.pdf","PFEGR393__A Esthetica Magazine - 2011 - Postmodernist Appropriation, Ron English Skin Deep, Lazarides Gallery, London.pdf",Completed,2,2,0,0,200,90,0.56,
"PFWVHKDG__Rushmore - 2012 - Ron English at Opera Gallery, show of the year.pdf","PFWVHKDG__Rushmore - 2012 - Ron English at Opera Gallery, show of the year.pdf",Completed,2,2,0,0,200,90,0.54,
PH4JADN7__Hype Gallery - 1991 - Hype Gallery - Stendahl.pdf,PH4JADN7__Hype Gallery - 1991 - Hype Gallery - Stendahl.pdf,Completed,1,1,0,0,200,90,0.35,
PI5ETPHT___.pdf,PI5ETPHT___.pdf,Completed,1,1,0,0,200,90,0.09,
PKAFFVBX__Yvette - 2018 - Godfather of Street Art Ron English on His Surreal New Creations.pdf,PKAFFVBX__Yvette - 2018 - Godfather of Street Art Ron English on His Surreal New Creations.pdf,Completed,4,4,0,0,200,90,0.94,
PKC76JVL__Toys Revi - 2015 - Ron English X Artrepublic Print Giveaway.pdf,PKC76JVL__Toys Revi - 2015 - Ron English X Artrepublic Print Giveaway.pdf,Completed,1,1,0,0,200,90,0.23,
PKQUYSQ5__Pascual - 2008 - Ron English's “The Secret History of Kiss” at Shooting Gallery.pdf,PKQUYSQ5__Pascual - 2008 - Ron English's “The Secret History of Kiss” at Shooting Gallery.pdf,Completed,1,1,0,0,200,90,0.21,
"PN7HKXJ6__Juxtapoz - 2018 - Ron English on His Upcoming Show Universal Grin, at Matthew Namour Gallery in Montréal(2).pdf","PN7HKXJ6__Juxtapoz - 2018 - Ron English on His Upcoming Show Universal Grin, at Matthew Namour Gallery in Montréal(2).pdf",Completed,5,5,0,0,200,90,1.52,
"PQTTZM22__Cultural-Dust2243 - 2020 - Popaganda Guernica, Ron English, Oil on canvas, 2016.pdf","PQTTZM22__Cultural-Dust2243 - 2020 - Popaganda Guernica, Ron English, Oil on canvas, 2016.pdf",Completed,6,6,0,0,200,90,1.47,
"PTWB62RD__notwho2 - 2023 - Negative Positive Man, Ron Englishnotwho2, painting, 2005.pdf","PTWB62RD__notwho2 - 2023 - Negative Positive Man, Ron Englishnotwho2, painting, 2005.pdf",Completed,7,7,0,0,200,90,1.7,
PUN8WWU8__Sherman - 2009 - Ron English Reveals ‘Immortal Underground’.pdf,PUN8WWU8__Sherman - 2009 - Ron English Reveals ‘Immortal Underground’.pdf,Completed,2,2,0,0,200,90,0.49,
PWTZM9HC___.pdf,PWTZM9HC___.pdf,Completed,2,2,0,0,200,90,0.6,
Q28J2ZKL__spinbackwards - 2022 - Ron English is Living in Delusionville - Copy.pdf,Q28J2ZKL__spinbackwards - 2022 - Ron English is Living in Delusionville - Copy.pdf,Completed,6,6,0,0,200,90,1.98,
Q2EVJZUE__Talón - 2018 - Brandalism fashion & vandalism.pdf,Q2EVJZUE__Talón - 2018 - Brandalism fashion & vandalism.pdf,Completed,2,2,0,0,200,90,0.49,
Q2T54UB5___.pdf,Q2T54UB5___.pdf,Completed,2,2,0,0,200,90,1.73,
"Q3HVACZS__Goldstein - 2000 - SCREW The Sex Review Number 1658, December 11, 2000.pdf","Q3HVACZS__Goldstein - 2000 - SCREW The Sex Review Number 1658, December 11, 2000.pdf",Completed,1,1,0,0,200,90,0.23,
Q4CW6BPS__Erica - 2012 - Special Weekend Release Primus NYC Tour Poster.pdf,Q4CW6BPS__Erica - 2012 - Special Weekend Release Primus NYC Tour Poster.pdf,Completed,1,1,0,0,200,90,0.2,
Q6MJA9B8___.pdf,Q6MJA9B8___.pdf,Completed,2,2,0,0,200,90,1.09,
Q76TDVSP__London Street Art Desing - 2016 - Ron English - Copy.pdf,Q76TDVSP__London Street Art Desing - 2016 - Ron English - Copy.pdf,Completed,11,11,0,0,200,90,2.84,
Q9C7S8T4__Beale - 2012 - Photos Détournement Signs of the Times at Jonathan LeVine Gallery.pdf,Q9C7S8T4__Beale - 2012 - Photos Détournement Signs of the Times at Jonathan LeVine Gallery.pdf,Completed,8,8,0,0,200,90,2.06,
QB28MEIL__English - Unknown - The Living fetus - Ron English.pdf,QB28MEIL__English - Unknown - The Living fetus - Ron English.pdf,Completed,1,1,0,0,200,90,0.35,
QERMLQWB__Beale - 2007 - Pranks 2 Jersey City Book Release Photos.pdf,QERMLQWB__Beale - 2007 - Pranks 2 Jersey City Book Release Photos.pdf,Completed,2,2,0,0,200,90,0.51,
QEZ86UDH__Pasori - 2012 - Photos From Chris Brown x Ron English Art Exhibition In NYC.pdf,QEZ86UDH__Pasori - 2012 - Photos From Chris Brown x Ron English Art Exhibition In NYC.pdf,Completed,1,1,0,0,200,90,0.26,
QI2DEYCM__Frauenfelder - 2007 - New Ron English book Abject Expressionism.pdf,QI2DEYCM__Frauenfelder - 2007 - New Ron English book Abject Expressionism.pdf,Completed,1,1,0,0,200,90,0.16,
QJ8V6M8Y__Carroll - 2011 - Highsnobiety Edition Grin.pdf,QJ8V6M8Y__Carroll - 2011 - Highsnobiety Edition Grin.pdf,Completed,1,1,0,0,200,90,0.19,
QJWFTLAZ___.pdf,QJWFTLAZ___.pdf,Completed,2,2,0,0,200,90,0.66,
QMTNK9T3__Levy - 2012 - “LA Freewalls Inside” Los Angeles Group Show Opening Coverage.pdf,QMTNK9T3__Levy - 2012 - “LA Freewalls Inside” Los Angeles Group Show Opening Coverage.pdf,Completed,1,1,0,0,200,90,0.23,
QNKWF3JL__m-api-56a038ca-b249-6b39-5cfc-71a44f2850ff - Copy (2).pdf,QNKWF3JL__m-api-56a038ca-b249-6b39-5cfc-71a44f2850ff - Copy (2).pdf,Completed,64,64,0,0,200,90,13.17,
QNW9M9SJ__DeMartino - FOR IMMEDIATE RELEASE.pdf,QNW9M9SJ__DeMartino - FOR IMMEDIATE RELEASE.pdf,Completed,3,3,0,0,200,90,0.66,
QRGLFTNW__Thill - 2011 - Pop Surrealists Spin South Park's Little Angels.pdf,QRGLFTNW__Thill - 2011 - Pop Surrealists Spin South Park's Little Angels.pdf,Completed,2,2,0,0,200,90,0.45,
QSNXFVZU___.pdf,QSNXFVZU___.pdf,Completed,1,1,0,0,200,90,0.72,
QSSS77KR___.pdf,QSSS77KR___.pdf,Completed,1,1,0,0,200,90,0.55,
QSUEVXX8__Julien’s Auctions - 2014 - Street Art.pdf,QSUEVXX8__Julien’s Auctions - 2014 - Street Art.pdf,Completed,2,2,0,0,200,90,0.84,
QXB5XVR4__Street - FOR IMMEDIATE RELEASE.pdf,QXB5XVR4__Street - FOR IMMEDIATE RELEASE.pdf,Completed,3,3,0,0,200,90,0.7,
QXEFLFJF__Articulate Issue 28 1998- The second coming of Daniel Johnston.pdf,QXEFLFJF__Articulate Issue 28 1998- The second coming of Daniel Johnston.pdf,Completed,3,3,0,0,200,90,1.28,
QY8I8TJK__HB Team - 2013 - Ron English Popagandistan Exhibition @ Corey Helford Gallery.pdf,QY8I8TJK__HB Team - 2013 - Ron English Popagandistan Exhibition @ Corey Helford Gallery.pdf,Completed,3,3,0,0,200,90,0.7,
QZ6763LH__Enshallah - 2009 - Ron English “Immortal Underground” Exhibition - Opera Gallery New York.pdf,QZ6763LH__Enshallah - 2009 - Ron English “Immortal Underground” Exhibition - Opera Gallery New York.pdf,Completed,3,3,0,0,200,90,0.62,
"R3VJ28XC__Bonfiglio - 2014 - Artistic Identity - Ron English brings his distinctive style to Waterfront poster, mural.pdf","R3VJ28XC__Bonfiglio - 2014 - Artistic Identity - Ron English brings his distinctive style to Waterfront poster, mural.pdf",Completed,2,2,0,0,200,90,0.49,
RA23A52Q__Hershkovits y (Beautiful) Paper - Beautiful People - 2007 - Get Met Or Pay - Retroactive Insurance now Availab.pdf,RA23A52Q__Hershkovits y (Beautiful) Paper - Beautiful People - 2007 - Get Met Or Pay - Retroactive Insurance now Availab.pdf,Completed,5,5,0,0,200,90,2.41,
RAP38IFZ__Beale - 2005 - Ron English at Varnish Fine Art.pdf,RAP38IFZ__Beale - 2005 - Ron English at Varnish Fine Art.pdf,Completed,1,1,0,0,200,90,0.25,
RC6VSV79__English - 1985 - Photo by Ron English.pdf,RC6VSV79__English - 1985 - Photo by Ron English.pdf,Completed,1,1,0,0,200,90,0.14,
RD5E32X7___.pdf,RD5E32X7___.pdf,Completed,1,1,0,0,200,90,0.28,
RHH9GIW7__Allouche Gallery - 2016 - Ron English Talks to Hypebeast.pdf,RHH9GIW7__Allouche Gallery - 2016 - Ron English Talks to Hypebeast.pdf,Completed,1,1,0,0,200,90,0.18,
RIB3QB9U___.pdf,RIB3QB9U___.pdf,Completed,1,1,0,0,200,90,0.46,
RLQ6T4IT__Vázquez - 2016 - Los ‘Guernica’ de Ron English Texto.pdf,RLQ6T4IT__Vázquez - 2016 - Los ‘Guernica’ de Ron English Texto.pdf,Completed,4,4,0,0,200,90,1.13,
RLZ3KBBX__Galperina - 2012 - American Depress Ron English’s Credit Card-Crucified Mickey.pdf,RLZ3KBBX__Galperina - 2012 - American Depress Ron English’s Credit Card-Crucified Mickey.pdf,Completed,1,1,0,0,200,90,0.26,
RM2AWLC8__Girl - 2009 - Ron English @ The Don Gallery – Milan – Opening.pdf,RM2AWLC8__Girl - 2009 - Ron English @ The Don Gallery – Milan – Opening.pdf,Completed,5,5,0,0,200,90,1.08,
RMC6YJ6U___.pdf,RMC6YJ6U___.pdf,Completed,1,1,0,0,200,90,0.17,
RN5NJJ8D___.pdf,RN5NJJ8D___.pdf,Completed,1,1,0,0,200,90,0.43,
RNRC5NIA__Wow x Wow - 2017 - Ron English – TOYBOX America in the Visuals – Artist Interview.pdf,RNRC5NIA__Wow x Wow - 2017 - Ron English – TOYBOX America in the Visuals – Artist Interview.pdf,Completed,22,22,0,0,200,90,3.96,
RRJHFMYF___.pdf,RRJHFMYF___.pdf,Completed,1,1,0,0,200,90,0.26,
RS3LKXIN__English et al. - 2009 - As Ron English’s “Cathy Cowgirl”.pdf,RS3LKXIN__English et al. - 2009 - As Ron English’s “Cathy Cowgirl”.pdf,Completed,3,3,0,0,200,90,0.61,
RSXGV8BM__The Georgetowner - Unknown - M&M by Ron English at Galleries 1054 — Clark.pdf,RSXGV8BM__The Georgetowner - Unknown - M&M by Ron English at Galleries 1054 — Clark.pdf,Completed,1,1,0,0,200,90,0.34,
"RX8FZKCC__Cultural-Dust2243 - 2020 - Popaganda Guernica, Ron English, Oil on canvas, 2016.pdf","RX8FZKCC__Cultural-Dust2243 - 2020 - Popaganda Guernica, Ron English, Oil on canvas, 2016.pdf",Completed,20,20,0,0,200,90,5.53,
"RXH2GABM__MuscleFlex_Bear - 2019 - Wynwood Walls - Miami, Fl by Ron English.pdf","RXH2GABM__MuscleFlex_Bear - 2019 - Wynwood Walls - Miami, Fl by Ron English.pdf",Completed,6,6,0,0,200,90,1.36,
RY96ZRPA__Moyer - 2020 - SURFACE TREATMENT ‘You Are Not Here’.pdf,RY96ZRPA__Moyer - 2020 - SURFACE TREATMENT ‘You Are Not Here’.pdf,Completed,2,2,0,0,200,90,0.5,
RZXJBXQT__Hart - 1990 - Art-to-Choke - The Helms Degenerate Art Show.pdf,RZXJBXQT__Hart - 1990 - Art-to-Choke - The Helms Degenerate Art Show.pdf,Completed,3,3,0,0,200,90,1.75,
S2PRRKEH__Juxtapoz - 2018 - Ron English.pdf,S2PRRKEH__Juxtapoz - 2018 - Ron English.pdf,Completed,2,2,0,0,200,90,0.49,
S53M4CCV__Galperina - 2012 - ARTIST’S NOTEBOOK RON ENGLISH.pdf,S53M4CCV__Galperina - 2012 - ARTIST’S NOTEBOOK RON ENGLISH.pdf,Completed,1,1,0,0,200,90,0.29,
S7NPKD37__Costa - 1998 - Ron English.pdf,S7NPKD37__Costa - 1998 - Ron English.pdf,Completed,2,2,0,0,200,90,1.4,
SAH79MKH___.pdf,SAH79MKH___.pdf,Completed,3,3,0,0,200,90,1.95,
SAZ44GJQ__Traver Dodorye “The Art Guru - 2015 - Artist Ron English recently launched a new exhibition titled “NeoNature”.pdf,SAZ44GJQ__Traver Dodorye “The Art Guru - 2015 - Artist Ron English recently launched a new exhibition titled “NeoNature”.pdf,Completed,3,3,0,0,200,90,0.57,
SBPEQTWN__English - 1993 - Ron English - Last Supper - Show blurb.pdf,SBPEQTWN__English - 1993 - Ron English - Last Supper - Show blurb.pdf,Completed,1,1,0,0,200,90,0.22,
"SC93RQZI__Last Gasp - 2018 - Stunning new Hi-Fructose limited edition box set, packed with wondrous artifacts of arcane beauty!.pdf","SC93RQZI__Last Gasp - 2018 - Stunning new Hi-Fructose limited edition box set, packed with wondrous artifacts of arcane beauty!.pdf",Completed,1,1,0,0,200,90,0.24,
"SC9J9TYV__reversedpsychology - 2020 - Ron English - Homer Simpson's Cartoon Colored Creationism, 1000 pieces.pdf","SC9J9TYV__reversedpsychology - 2020 - Ron English - Homer Simpson's Cartoon Colored Creationism, 1000 pieces.pdf",Completed,7,7,0,0,200,90,1.68,
SFM6A72U__Erica - 2012 - Ron English's art for the Techno Kitten Adventure game.pdf,SFM6A72U__Erica - 2012 - Ron English's art for the Techno Kitten Adventure game.pdf,Completed,1,1,0,0,200,90,0.2,
"SGKYB988__Dunlap - 2010 - Electric Windows - Beacon, NY.pdf","SGKYB988__Dunlap - 2010 - Electric Windows - Beacon, NY.pdf",Completed,1,1,0,0,200,90,0.26,
SGT3LUGH___.pdf,SGT3LUGH___.pdf,Completed,4,4,0,0,200,90,2.6,
SJFNVPDI__Tandem - 2005 - Popaganda The Art & Crimes of Ron English.pdf,SJFNVPDI__Tandem - 2005 - Popaganda The Art & Crimes of Ron English.pdf,Completed,1,1,0,0,200,90,0.28,
SJGJATCC__Francais - 2009 - Ron English Let's get drunk and kill god.pdf,SJGJATCC__Francais - 2009 - Ron English Let's get drunk and kill god.pdf,Completed,2,2,0,0,200,90,0.79,
SLK2G53L___ - Copy.pdf,SLK2G53L___ - Copy.pdf,Completed,1,1,0,0,200,90,0.44,
SM22THX5___.pdf,SM22THX5___.pdf,Completed,1,1,0,0,200,90,0.85,
"SMYHL47C__Levy - 2014 - New Window Installations by Ron English, Know Hope, Strøk… For Project M – Berlin, Germany.pdf","SMYHL47C__Levy - 2014 - New Window Installations by Ron English, Know Hope, Strøk… For Project M – Berlin, Germany.pdf",Completed,4,4,0,0,200,90,1.21,
SRPZEFYV__Armand - 2009 - Zoltron On Curating Primus’ Expansive Poster Series.pdf,SRPZEFYV__Armand - 2009 - Zoltron On Curating Primus’ Expansive Poster Series.pdf,Completed,3,3,0,0,200,90,0.65,
SUG8UF7V___.pdf,SUG8UF7V___.pdf,Completed,4,4,0,0,200,90,3.1,
T2CG6833__Topia - Unknown - Artist Profiles.pdf,T2CG6833__Topia - Unknown - Artist Profiles.pdf,Completed,1,1,0,0,200,90,0.54,
"T49QUAJV__Yazdari y Cleary - 1996 - Visual Arts - AUSGANG, ENGLISH, GOSSWEIN.pdf","T49QUAJV__Yazdari y Cleary - 1996 - Visual Arts - AUSGANG, ENGLISH, GOSSWEIN.pdf",Completed,1,1,0,0,200,90,0.74,
T53RKPAC__Rushmore - 2012 - While I was in Stavanger… link-o-rama.pdf,T53RKPAC__Rushmore - 2012 - While I was in Stavanger… link-o-rama.pdf,Completed,1,1,0,0,200,90,0.26,
T5AKYBYK__O'Neill - 2016 - Artist Ron English details Korn's Serenity Of Suffering artwork.pdf,T5AKYBYK__O'Neill - 2016 - Artist Ron English details Korn's Serenity Of Suffering artwork.pdf,Completed,1,1,0,0,200,90,0.18,
T5LAG4KA__Limelight - 1988 - Limelight.pdf,T5LAG4KA__Limelight - 1988 - Limelight.pdf,Completed,1,1,0,0,200,90,0.32,
T6FQVCL5___.pdf,T6FQVCL5___.pdf,Completed,1,1,0,0,200,90,0.19,
T6JM6XBQ__Shumate - 2011 - Learning English.pdf,T6JM6XBQ__Shumate - 2011 - Learning English.pdf,Completed,3,3,0,0,200,90,0.67,
T79QQ9N9___.pdf,T79QQ9N9___.pdf,Completed,4,4,0,0,200,90,2.05,
T7P3W72M___.pdf,T7P3W72M___.pdf,Completed,1,1,0,0,200,90,0.63,
T85ED3UI__The Herald-Palladium - 2013 - Ron English at WFF.pdf,T85ED3UI__The Herald-Palladium - 2013 - Ron English at WFF.pdf,Completed,1,1,0,0,200,90,0.24,
T85UWDPZ__New York Times august 4 1996.pdf,T85UWDPZ__New York Times august 4 1996.pdf,Completed,1,1,0,0,200,90,0.26,
T86CXCWA__Juxtapoz - 2012 - Tools of the Trade x Ron English The Detroit Project February.pdf,T86CXCWA__Juxtapoz - 2012 - Tools of the Trade x Ron English The Detroit Project February.pdf,Completed,1,1,0,0,200,90,0.21,
T9AIFH8R__Opera Gallery - Unknown - English Ron.pdf,T9AIFH8R__Opera Gallery - Unknown - English Ron.pdf,Completed,2,2,0,0,200,90,1.63,
T9EIK9YN__Wall Street International Magazine - 2007 - Dorothy Circus Gallery.pdf,T9EIK9YN__Wall Street International Magazine - 2007 - Dorothy Circus Gallery.pdf,Completed,1,1,0,0,200,90,0.27,
TDSWD6NA__Westall - 2012 - Gosee Ron English Crucial Fiction At Opera Gallery Nyc.pdf,TDSWD6NA__Westall - 2012 - Gosee Ron English Crucial Fiction At Opera Gallery Nyc.pdf,Completed,1,1,0,0,200,90,0.28,
TEP5DACC__Trompe l'oeil - Unknown - What's wrong with this picture - Ron English.pdf,TEP5DACC__Trompe l'oeil - Unknown - What's wrong with this picture - Ron English.pdf,Completed,1,1,0,0,200,90,0.42,
TEX3BR25__Canvas Conceptionarts - 2019 - The Godfather Of Street Art – Ron English (Part 2).pdf,TEX3BR25__Canvas Conceptionarts - 2019 - The Godfather Of Street Art – Ron English (Part 2).pdf,Completed,1,1,0,0,200,90,0.22,
TFZ23YTR___.pdf,TFZ23YTR___.pdf,Completed,2,2,0,0,200,90,0.96,
"THJG7WKG__SwitchDesign - 2015 - Ron English, close-up of Temper Top on Houston and Bowery.pdf","THJG7WKG__SwitchDesign - 2015 - Ron English, close-up of Temper Top on Houston and Bowery.pdf",Completed,11,11,0,0,200,90,2.65,
TKUYJ8B8__Groove Guide - 2012 - Ron English.pdf,TKUYJ8B8__Groove Guide - 2012 - Ron English.pdf,Completed,3,3,0,0,200,90,1.06,
TRJB6INJ___.pdf,TRJB6INJ___.pdf,Completed,2,2,0,0,200,90,1.87,
TSTYIIKE__Rushmore - 2010 - Ron English goes Bovine Bombing.pdf,TSTYIIKE__Rushmore - 2010 - Ron English goes Bovine Bombing.pdf,Completed,1,1,0,0,200,90,0.27,
TYIICJCG__Corey Helford Gallery - 2014 - Jewsus Christ Superstar By Ron English.pdf,TYIICJCG__Corey Helford Gallery - 2014 - Jewsus Christ Superstar By Ron English.pdf,Completed,1,1,0,0,200,90,0.31,
TYZ9EQB7__Rushmore - 2009 - Green Day meets street art.pdf,TYZ9EQB7__Rushmore - 2009 - Green Day meets street art.pdf,Completed,2,2,0,0,200,90,0.48,
U3IHPAXD__News Break - 2019 - The ‘Godfather of Street Art’ Ron English Irreverently Mashes Up Pop Culture in a New Show.pdf,U3IHPAXD__News Break - 2019 - The ‘Godfather of Street Art’ Ron English Irreverently Mashes Up Pop Culture in a New Show.pdf,Completed,1,1,0,0,200,90,0.18,
U3Q325Q2___.pdf,U3Q325Q2___.pdf,Completed,2,2,0,0,200,90,0.59,
U3XRDI68__Invisiblemadevisible @imv_streetart - 2015 - Godfather of Street Art Launches Exclusive Limited Edition Print with Artrepublic.pdf,U3XRDI68__Invisiblemadevisible @imv_streetart - 2015 - Godfather of Street Art Launches Exclusive Limited Edition Print with Artrepublic.pdf,Completed,1,1,0,0,200,90,0.38,
U5AWQLQF___.pdf,U5AWQLQF___.pdf,Completed,5,5,0,0,200,90,3.95,
U7IJB5TE___.pdf,U7IJB5TE___.pdf,Completed,2,2,0,0,200,90,0.72,
U7K26KEE___.pdf,U7K26KEE___.pdf,Completed,8,8,0,0,200,90,6.67,
U9ZA6IWH__Keller - 2010 - Ron English Pop Up Factory at Opera Gallery(2).pdf,U9ZA6IWH__Keller - 2010 - Ron English Pop Up Factory at Opera Gallery(2).pdf,Completed,2,2,0,0,200,90,0.48,
UBNKJVNZ___.pdf,UBNKJVNZ___.pdf,Completed,2,2,0,0,200,90,1.17,
UBYWZQE6___.pdf,UBYWZQE6___.pdf,Completed,3,3,0,0,200,90,1.85,
UDCKVJWR__Corazón - 2017 - Jonathan Levine Gallery está de vuelta con welcome to Jersey.pdf,UDCKVJWR__Corazón - 2017 - Jonathan Levine Gallery está de vuelta con welcome to Jersey.pdf,Completed,2,2,0,0,200,90,0.41,
UE9RMT25___.pdf,UE9RMT25___.pdf,Completed,1,1,0,0,200,90,0.65,
UEHRPPJA__Corey Helford Gallery - 2012 - Backyard Soldiers By Ron English.pdf,UEHRPPJA__Corey Helford Gallery - 2012 - Backyard Soldiers By Ron English.pdf,Completed,1,1,0,0,200,90,0.2,
UGLGC6MF__Eller - 2021 - Preview Ron English “Brand Royalty” @ Allouche Gallery Opening 91821 NYC(2).pdf,UGLGC6MF__Eller - 2021 - Preview Ron English “Brand Royalty” @ Allouche Gallery Opening 91821 NYC(2).pdf,Completed,5,5,0,0,200,90,1.9,
UGN44Z79__vhsfiend - 2019 - Ron English 'Welcome Wall' On U.S.Mexico Border.pdf,UGN44Z79__vhsfiend - 2019 - Ron English 'Welcome Wall' On U.S.Mexico Border.pdf,Completed,10,10,0,0,200,90,2.15,
UJJIFHHN___.pdf,UJJIFHHN___.pdf,Completed,5,5,0,0,200,90,2.92,
UKB8G3W6___.pdf,UKB8G3W6___.pdf,Completed,3,3,0,0,200,90,1.9,
UM9NL4G3___.pdf,UM9NL4G3___.pdf,Completed,1,1,0,0,200,90,0.29,
UMS9LZH4__Blag Magazine y Edwards - Ron English.pdf,UMS9LZH4__Blag Magazine y Edwards - Ron English.pdf,Completed,10,10,0,0,200,90,3.54,
UNQPZD79___.pdf,UNQPZD79___.pdf,Completed,2,2,0,0,200,90,1.6,
UPPBNXXR___.pdf,UPPBNXXR___.pdf,Completed,3,3,0,0,200,90,1.46,
UPW9RFL5___.pdf,UPW9RFL5___.pdf,Completed,2,2,0,0,200,90,0.79,
UQAFCGMW__Eller - 2020 - Ron English “POPaganda On Paper” A Virtual Exhibition Interview & Preview(3).pdf,UQAFCGMW__Eller - 2020 - Ron English “POPaganda On Paper” A Virtual Exhibition Interview & Preview(3).pdf,Completed,7,7,0,0,200,90,2.37,
"UQDI5I4B__Charman - 1994 - English 101 – Fuck art, let's dance!.pdf","UQDI5I4B__Charman - 1994 - English 101 – Fuck art, let's dance!.pdf",Completed,1,1,0,0,200,90,0.44,
URCIKGEH__Eicbman - 1989 - The Prisoners of Art.pdf,URCIKGEH__Eicbman - 1989 - The Prisoners of Art.pdf,Completed,2,2,0,0,200,90,1.86,
USA4SMMU__Armand - 2013 - Peter Adamyan “Trailer Park Jesus” Plate Set.pdf,USA4SMMU__Armand - 2013 - Peter Adamyan “Trailer Park Jesus” Plate Set.pdf,Completed,2,2,0,0,200,90,0.42,
UT64STZT__Global Corpocracy - 2016 - Global Corpocracy is a collaborative art activism project with the following institutions and organizations.pdf,UT64STZT__Global Corpocracy - 2016 - Global Corpocracy is a collaborative art activism project with the following institutions and organizations.pdf,Completed,3,3,0,0,200,90,0.64,
UTNTY8MU___.pdf,UTNTY8MU___.pdf,Completed,1,1,0,0,200,90,0.52,
UUV7LDBN___.pdf,UUV7LDBN___.pdf,Completed,2,2,0,0,200,90,0.91,
"UUVZVX5P__Egziabher, Edwards - 2013 - 済無No Title No Title.pdf","UUVZVX5P__Egziabher, Edwards - 2013 - 済無No Title No Title.pdf",Completed,2,2,0,0,200,90,0.72,
UV3XGEKE__Brooklyn Street Art - 2010 - Images Of The Week 03.06.11.pdf,UV3XGEKE__Brooklyn Street Art - 2010 - Images Of The Week 03.06.11.pdf,Completed,2,2,0,0,200,90,0.32,
UWCIRJP2___.pdf,UWCIRJP2___.pdf,Completed,2,2,0,0,200,90,2.08,
UXZRMJG9___.pdf,UXZRMJG9___.pdf,Completed,2,2,0,0,200,90,1.41,
UZ6ZZA5V__Banks - 2011 - Ron English “English 101” Exhibition @ POST NO BILLS Recap.pdf,UZ6ZZA5V__Banks - 2011 - Ron English “English 101” Exhibition @ POST NO BILLS Recap.pdf,Completed,9,9,0,0,200,90,2.24,
V7IND9A6___.pdf,V7IND9A6___.pdf,Completed,2,2,0,0,200,90,1.71,
V9377ZBS___.pdf,V9377ZBS___.pdf,Completed,2,2,0,0,200,90,1.25,
VC78EIHR__Opera Gallery - Grand Opening 62 Faubourg Saint- Honoré - Opera Ga.pdf,VC78EIHR__Opera Gallery - Grand Opening 62 Faubourg Saint- Honoré - Opera Ga.pdf,Completed,55,55,0,0,200,90,21.98,
VD233PYJ__Bumbershoot - 2012 - Bumbershoot! Elvistravaganza! - The stanger.pdf,VD233PYJ__Bumbershoot - 2012 - Bumbershoot! Elvistravaganza! - The stanger.pdf,Completed,1,1,0,0,200,90,0.15,
VE2IN4TN___.pdf,VE2IN4TN___.pdf,Completed,1,1,0,0,200,90,0.34,
VEZFUN47__Morris Goen - Unknown - Photo of Ron plus cutout.pdf,VEZFUN47__Morris Goen - Unknown - Photo of Ron plus cutout.pdf,Completed,1,1,0,0,200,90,0.17,
VG8GA4EC__Nancy Ungar - 1995 - Shedding light on black - Color Corrected.pdf,VG8GA4EC__Nancy Ungar - 1995 - Shedding light on black - Color Corrected.pdf,Completed,1,1,0,0,200,90,0.41,
VGFR83RE__All Zero Four - Unknown - Refill - Issue 4.pdf,VGFR83RE__All Zero Four - Unknown - Refill - Issue 4.pdf,Completed,1,1,0,0,200,90,0.64,
"VGR4NBLE__Federer107 - 2020 - One of my fav Art Designer artist is Ron English, who else is a big fan of his work.pdf","VGR4NBLE__Federer107 - 2020 - One of my fav Art Designer artist is Ron English, who else is a big fan of his work.pdf",Completed,8,8,0,0,200,90,1.99,
VGUEWVS7__Gop Art - Unknown - Abstract Excretionism.pdf,VGUEWVS7__Gop Art - Unknown - Abstract Excretionism.pdf,Completed,1,1,0,0,200,90,0.26,
VJBK43P6__London Street Art Desing - 2010 - Ron English.pdf,VJBK43P6__London Street Art Desing - 2010 - Ron English.pdf,Completed,2,2,0,0,200,90,0.55,
"VSCK3AS4__Guernica - 2016 - Allouche Gallery Presents Ron English, Guernica.pdf","VSCK3AS4__Guernica - 2016 - Allouche Gallery Presents Ron English, Guernica.pdf",Completed,5,5,0,0,200,90,1.25,
VV66LI2L__Internet Graphics Gallery - Unknown - Ron English - Art Crimes.pdf,VV66LI2L__Internet Graphics Gallery - Unknown - Ron English - Art Crimes.pdf,Completed,1,1,0,0,200,90,0.4,
VW7RVN66___.pdf,VW7RVN66___.pdf,Completed,1,1,0,0,200,90,0.93,
VXXYLEFX__Juxtapoz Art & Culture Magazine - Ron English - TOYBOX America in the Visuals.pdf,VXXYLEFX__Juxtapoz Art & Culture Magazine - Ron English - TOYBOX America in the Visuals.pdf,Completed,2,2,0,0,200,90,1.26,
VY3DUCNG__Westall - 2015 - Over 40 Street Artists Celebrate The City @Somersethouse.pdf,VY3DUCNG__Westall - 2015 - Over 40 Street Artists Celebrate The City @Somersethouse.pdf,Completed,4,4,0,0,200,90,0.97,
VYUUTXTK___.pdf,VYUUTXTK___.pdf,Completed,2,2,0,0,200,90,0.98,
VZM5DK4K__Gallery Stendhal - 1991 - About this week's cover - Marilyn Mickey Mouse painting.pdf,VZM5DK4K__Gallery Stendhal - 1991 - About this week's cover - Marilyn Mickey Mouse painting.pdf,Completed,1,1,0,0,200,90,0.25,
W2LZPVCD__Russo - apocalittici pop surrealisti creatori di mondi sen.pdf,W2LZPVCD__Russo - apocalittici pop surrealisti creatori di mondi sen.pdf,Completed,3,3,0,0,200,90,1.1,
W3E9RYP2__Wolfe - 2009 - Ron English & Alex Pardee.pdf,W3E9RYP2__Wolfe - 2009 - Ron English & Alex Pardee.pdf,Completed,25,25,0,0,200,90,5.65,
W4MF23XE__English - 1991 - Superman Painting By Ron English.pdf,W4MF23XE__English - 1991 - Superman Painting By Ron English.pdf,Completed,1,1,0,0,200,90,0.45,
"W5TE6588__Chun - 2003 - Warhol's CD calls for repeat listenings - Welcome to the Monkey House, The Dandy Warhols.pdf","W5TE6588__Chun - 2003 - Warhol's CD calls for repeat listenings - Welcome to the Monkey House, The Dandy Warhols.pdf",Completed,1,1,0,0,200,90,0.26,
W5YDWAWI__Report - Unknown - Riding that Ron English train.pdf,W5YDWAWI__Report - Unknown - Riding that Ron English train.pdf,Completed,1,1,0,0,200,90,0.56,
W72LU26R__Gallery Stendhal - 1991 - Oil on canvas titled The Ascension.pdf,W72LU26R__Gallery Stendhal - 1991 - Oil on canvas titled The Ascension.pdf,Completed,1,1,0,0,200,90,0.39,
W7TNFWD4___.pdf,W7TNFWD4___.pdf,Completed,2,2,0,0,200,90,0.92,
W9TIP556___.pdf,W9TIP556___.pdf,Completed,1,1,0,0,200,90,0.68,
WA54BFF8__Lips - 2018 - Allouche Gallery.pdf,WA54BFF8__Lips - 2018 - Allouche Gallery.pdf,Completed,7,7,0,0,200,90,1.66,
WC3EMBYD___.pdf,WC3EMBYD___.pdf,Completed,2,2,0,0,200,90,1.68,
"WCHBHX3A__Comedi Central - 2016 - South Park 20 Experience, August 24 to sept 25, 2016, Paley Center for Media.pdf","WCHBHX3A__Comedi Central - 2016 - South Park 20 Experience, August 24 to sept 25, 2016, Paley Center for Media.pdf",Completed,1,1,0,0,200,90,0.37,
WFD5KAU4___.pdf,WFD5KAU4___.pdf,Completed,1,1,0,0,200,90,0.41,
WFPF2H7Y___.pdf,WFPF2H7Y___.pdf,Completed,1,1,0,0,200,90,0.22,
WJR665QN__Art Daily - 1996 - Group exhibition of works by Neo-Pop artists on view at gallery nine 5.pdf,WJR665QN__Art Daily - 1996 - Group exhibition of works by Neo-Pop artists on view at gallery nine 5.pdf,Completed,1,1,0,0,200,90,0.24,
WL2HB6PS__The House Post - 1990 - Out of the frying pan.pdf,WL2HB6PS__The House Post - 1990 - Out of the frying pan.pdf,Completed,1,1,0,0,200,90,0.45,
WPWDSK6D__Ruano - 2008 - Manifest Hope Art Gallery Update.pdf,WPWDSK6D__Ruano - 2008 - Manifest Hope Art Gallery Update.pdf,Completed,7,7,0,0,200,90,1.64,
WR32PXSE__Pedro - 2017 - Blackbook Toy x Ron English Mousezilla.pdf,WR32PXSE__Pedro - 2017 - Blackbook Toy x Ron English Mousezilla.pdf,Completed,4,4,0,0,200,90,1.01,
WSCR4DJ3__Adelstein - 2020 - Review Weekend art show roundup.pdf,WSCR4DJ3__Adelstein - 2020 - Review Weekend art show roundup.pdf,Completed,2,2,0,0,200,90,0.39,
WX46VGLX___.pdf,WX46VGLX___.pdf,Completed,1,1,0,0,200,90,0.26,
WXCKB3CT__Brooklyn Street Art - 2012 - “Making Faces” At Opera A New York Party”.pdf,WXCKB3CT__Brooklyn Street Art - 2012 - “Making Faces” At Opera A New York Party”.pdf,Completed,1,1,0,0,200,90,0.23,
"WXWPLQDW__Estiler - 2016 - When Art Becomes Commodified, Does It Help or Hinder Originality.pdf","WXWPLQDW__Estiler - 2016 - When Art Becomes Commodified, Does It Help or Hinder Originality.pdf",Completed,19,19,0,0,200,90,5.47,
WYJPVM9B__Costa - 1992 - Reading English.pdf,WYJPVM9B__Costa - 1992 - Reading English.pdf,Completed,4,4,0,0,200,90,1.55,
WZ49XH84___.pdf,WZ49XH84___.pdf,Completed,1,1,0,0,200,90,0.56,
"X25JZS9L__Sunstorm, march-april 1992 Absolut collaboration The Role of the Artist in Modern Society by David Betz.pdf","X25JZS9L__Sunstorm, march-april 1992 Absolut collaboration The Role of the Artist in Modern Society by David Betz.pdf",Completed,2,2,0,0,200,90,0.68,
"X2MFR7EZ__Squid - 2007 - Big Picture Pop, Ron English.pdf","X2MFR7EZ__Squid - 2007 - Big Picture Pop, Ron English.pdf",Completed,1,1,0,0,200,90,0.29,
X3JPAGKU__Kordic - 2016 - The Art of Ron English(2).pdf,X3JPAGKU__Kordic - 2016 - The Art of Ron English(2).pdf,Completed,1,1,0,0,200,90,0.2,
X9AM3YTG___.pdf,X9AM3YTG___.pdf,Completed,3,3,0,0,200,90,1.32,
X9LBXLWT__Marriott - Unknown - Ron English.pdf,X9LBXLWT__Marriott - Unknown - Ron English.pdf,Completed,2,2,0,0,200,90,1.42,
XC3YJIYH__English - Unknown - Soul Snatcher - Ron English.pdf,XC3YJIYH__English - Unknown - Soul Snatcher - Ron English.pdf,Completed,1,1,0,0,200,90,0.22,
XDFMBCVV__Alchetron - 2018 - Ron English (artist).pdf,XDFMBCVV__Alchetron - 2018 - Ron English (artist).pdf,Completed,6,6,0,0,200,90,1.31,
XFFSTAZ8___.pdf,XFFSTAZ8___.pdf,Completed,2,2,0,0,200,90,8.09,
XMLU4NGI___.pdf,XMLU4NGI___.pdf,Completed,1,1,0,0,200,90,0.43,
XPXCV8RM___.pdf,XPXCV8RM___.pdf,Completed,3,3,0,0,200,90,1.05,
XQAL8CA3___.pdf,XQAL8CA3___.pdf,Completed,2,2,0,0,200,90,0.43,
XRMYUX3N__Sleepboy - 2013 - Openings Ron English – “Popogandastan” @ Corey Helford Gallery.pdf,XRMYUX3N__Sleepboy - 2013 - Openings Ron English – “Popogandastan” @ Corey Helford Gallery.pdf,Completed,12,12,0,0,200,90,3.51,
"XSCLHQF3__Estiler - 2019 - Ron English Gets Mexico to Help Pay for 2,000-Foot 'Welcome Wall' Along Border.pdf","XSCLHQF3__Estiler - 2019 - Ron English Gets Mexico to Help Pay for 2,000-Foot 'Welcome Wall' Along Border.pdf",Completed,2,2,0,0,200,90,0.39,
XU25EF6P__Andy - 2016 - 3DRetro SDCC 2016 Exclusives and Signings.pdf,XU25EF6P__Andy - 2016 - 3DRetro SDCC 2016 Exclusives and Signings.pdf,Completed,2,2,0,0,200,90,0.59,
XVYBB6EJ___.pdf,XVYBB6EJ___.pdf,Completed,3,3,0,0,200,90,2.05,
XWBE5DW9__O'Brien - 2013 - Popaganda's 12 days of Xmas Madness - Day 1.pdf,XWBE5DW9__O'Brien - 2013 - Popaganda's 12 days of Xmas Madness - Day 1.pdf,Completed,1,1,0,0,200,90,0.37,
XZXTBTSE___.pdf,XZXTBTSE___.pdf,Completed,1,1,0,0,200,90,0.5,
Y23HP4K2__Kim - 2015 - Ron English NeoNature Exhibition @ Corey Helford Gallery.pdf,Y23HP4K2__Kim - 2015 - Ron English NeoNature Exhibition @ Corey Helford Gallery.pdf,Completed,6,6,0,0,200,90,1.55,
Y4GHX48N___.pdf,Y4GHX48N___.pdf,Completed,1,1,0,0,200,90,0.54,
Y4XHP87V__Juxtapoz - 1998 - Modern English - - Spring 1998 - PDF.pdf.pdf,Y4XHP87V__Juxtapoz - 1998 - Modern English - - Spring 1998 - PDF.pdf.pdf,Completed,3,3,0,0,200,90,3.65,
Y5BN8WMF___.pdf,Y5BN8WMF___.pdf,Completed,2,2,0,0,200,90,1.26,
Y5T5LNYS___.pdf,Y5T5LNYS___.pdf,Completed,6,6,0,0,200,90,2.5,
Y7EJ39KS___.pdf,Y7EJ39KS___.pdf,Completed,6,6,0,0,200,90,4.33,
YB88INL3__Silbert - 2017 - VILLA Honors the Art of Collaboration With New Balance 247 The Collective.pdf,YB88INL3__Silbert - 2017 - VILLA Honors the Art of Collaboration With New Balance 247 The Collective.pdf,Completed,4,4,0,0,200,90,1.06,
YBQSXJYS__Jersey Journal - 2007 - Studio Walk.pdf,YBQSXJYS__Jersey Journal - 2007 - Studio Walk.pdf,Completed,1,1,0,0,200,90,0.76,
YBU4NZT5___.pdf,YBU4NZT5___.pdf,Completed,2,2,0,0,200,90,0.63,
"YCCHEQRT__Martinez - 2010 - Artist Ron English when in doubt, laugh.pdf","YCCHEQRT__Martinez - 2010 - Artist Ron English when in doubt, laugh.pdf",Completed,5,5,0,0,200,90,1.18,
YCIEI6FS__Yazdani - 1995 - Agit-Pop America - Review -Inter alia.pdf,YCIEI6FS__Yazdani - 1995 - Agit-Pop America - Review -Inter alia.pdf,Completed,1,1,0,0,200,90,0.7,
YD6HMBZB___.pdf,YD6HMBZB___.pdf,Completed,3,3,0,0,200,90,1.03,
YES6NNVW__Frank - 2017 - New Ron English Exhibition At Opera Gallery Brings ‘Crucial Fiction’ To New York(2).pdf,YES6NNVW__Frank - 2017 - New Ron English Exhibition At Opera Gallery Brings ‘Crucial Fiction’ To New York(2).pdf,Completed,2,2,0,0,200,90,0.47,
YETJAQ2P__Korero Press - 2015 - Ron English Book Signing.pdf,YETJAQ2P__Korero Press - 2015 - Ron English Book Signing.pdf,Completed,1,1,0,0,200,90,0.23,
YF2Z7EJC__Heavy Metal - 2016 - Ron English.pdf,YF2Z7EJC__Heavy Metal - 2016 - Ron English.pdf,Completed,3,3,0,0,200,90,1.29,
YFLT9JZZ___.pdf,YFLT9JZZ___.pdf,Completed,1,1,0,0,200,90,0.42,
YFTIZQUA__Forbes - Unknown - Riding that Ron English Train.pdf,YFTIZQUA__Forbes - Unknown - Riding that Ron English Train.pdf,Completed,1,1,0,0,200,90,0.56,
YIBW28DI__Gianatasio - 2020 - 'Creatives FOR Biden' Collects Art Around His 40 Policy Positions More than 60 artists have contributed so far.pdf,YIBW28DI__Gianatasio - 2020 - 'Creatives FOR Biden' Collects Art Around His 40 Policy Positions More than 60 artists have contributed so far.pdf,Completed,1,1,0,0,200,90,0.22,
YKRBW64R__m-api-53fceaec-68ac-1e3d-6c70-719ede230153.pdf,YKRBW64R__m-api-53fceaec-68ac-1e3d-6c70-719ede230153.pdf,Completed,2,2,0,0,200,90,0.74,
YLBS2G7L__CFYE - 2008 - Ron English.pdf,YLBS2G7L__CFYE - 2008 - Ron English.pdf,Completed,7,7,0,0,200,90,1.86,
YLM8KAMH___.pdf,YLM8KAMH___.pdf,Completed,1,1,0,0,200,90,0.74,
YN3ZTN9H__Eichman - 1989 - The prisoners of art.pdf,YN3ZTN9H__Eichman - 1989 - The prisoners of art.pdf,Completed,1,1,0,0,200,90,0.49,
YRPX5EGX__Cover march 1992 Urban Jungle by Adam McGovern.pdf,YRPX5EGX__Cover march 1992 Urban Jungle by Adam McGovern.pdf,Completed,2,2,0,0,200,90,0.8,
YRZSUKLW__Duncanville - Unknown - The Midway.pdf,YRZSUKLW__Duncanville - Unknown - The Midway.pdf,Completed,1,1,0,0,200,90,0.27,
YU7UL6LJ__Kidrobot Blog - 2010 - Ron English’s Status Factory Opens At Opera Gallery In New York.pdf,YU7UL6LJ__Kidrobot Blog - 2010 - Ron English’s Status Factory Opens At Opera Gallery In New York.pdf,Completed,4,4,0,0,200,90,1.02,
YVQBCJEL__Gallery - 2018 - Ron English Popagandastan.pdf,YVQBCJEL__Gallery - 2018 - Ron English Popagandastan.pdf,Completed,3,3,0,0,200,90,0.8,
YYFWJ9KC___.pdf,YYFWJ9KC___.pdf,Completed,2,2,0,0,200,90,0.72,
YYZ64N2Q__Absolut - 1991 - Absolut Ad.pdf,YYZ64N2Q__Absolut - 1991 - Absolut Ad.pdf,Completed,1,1,0,0,200,90,0.43,
YZBNGS5L__Beale - 2012 - Obama as The Incredible Hulk by Ron English.pdf,YZBNGS5L__Beale - 2012 - Obama as The Incredible Hulk by Ron English.pdf,Completed,1,1,0,0,200,90,0.23,
Z4GTXELC___.pdf,Z4GTXELC___.pdf,Completed,1,1,0,0,200,90,0.17,
Z6EPJAWG__Ibanez - 2011 - Ron English Seasons In Supurbia Exhibition @ Corey Helford Gallery Recap.pdf,Z6EPJAWG__Ibanez - 2011 - Ron English Seasons In Supurbia Exhibition @ Corey Helford Gallery Recap.pdf,Completed,4,4,0,0,200,90,0.98,
ZAIZLAV2__HB Team - 2009 - Ron English @ The Don Gallery - First Solo Show in Italy.pdf,ZAIZLAV2__HB Team - 2009 - Ron English @ The Don Gallery - First Solo Show in Italy.pdf,Completed,5,5,0,0,200,90,1.07,
ZDZMHV53___.pdf,ZDZMHV53___.pdf,Completed,3,3,0,0,200,90,0.63,
ZEPM9A74__Yoo - 2010 - Extremely Disturbing Ronald McDonald Art (10 pieces).pdf,ZEPM9A74__Yoo - 2010 - Extremely Disturbing Ronald McDonald Art (10 pieces).pdf,Completed,1,1,0,0,200,90,0.23,
ZF4QNMQ9___.pdf,ZF4QNMQ9___.pdf,Completed,2,2,0,0,200,90,0.91,
ZHGWCV9V___.pdf,ZHGWCV9V___.pdf,Completed,1,1,0,0,200,90,0.4,
ZHS4ZC7N__Urban Art Association - 2017 - Ron English Toybox L.A. Show 12022017(2).pdf,ZHS4ZC7N__Urban Art Association - 2017 - Ron English Toybox L.A. Show 12022017(2).pdf,Completed,2,2,0,0,200,90,0.49,
ZIAP4Q84__Juxtapoz - 2007 - Photos Ron English at Opera Gallery.pdf,ZIAP4Q84__Juxtapoz - 2007 - Photos Ron English at Opera Gallery.pdf,Completed,6,6,0,0,200,90,3.92,
ZLRPEXXU__Blazenhoff - 2011 - Ron English’s Stickable Art Offenses.pdf,ZLRPEXXU__Blazenhoff - 2011 - Ron English’s Stickable Art Offenses.pdf,Completed,2,2,0,0,200,90,0.54,
ZNTUP6X4__Foley - Ecce Signum the significance of writing as image.pdf,ZNTUP6X4__Foley - Ecce Signum the significance of writing as image.pdf,Completed,469,469,0,0,200,90,95.53,
ZRMFLJVE__1992 - .pdf,ZRMFLJVE__1992 - .pdf,Completed,1,1,0,0,200,90,0.86,
ZSW4RBK4__Gray - 2016 - Scary Art - Art Pieces That Will Freeze Your Blood.pdf,ZSW4RBK4__Gray - 2016 - Scary Art - Art Pieces That Will Freeze Your Blood.pdf,Completed,4,4,0,0,200,90,0.83,
ZVV3XFUA___.pdf,ZVV3XFUA___.pdf,Completed,2,2,0,0,200,90,0.57,
ZXPFW6M6___.pdf,ZXPFW6M6___.pdf,Completed,1,1,0,0,200,90,0.42,
ZZA4HPKM__ArrestedMotion - 2012 - Preview Ron English – “Crucial Fiction” @ Opera G.pdf,ZZA4HPKM__ArrestedMotion - 2012 - Preview Ron English – “Crucial Fiction” @ Opera G.pdf,Completed,3,3,0,0,200,90,0.89,
ZZEI33ZH___.pdf,ZZEI33ZH___.pdf,Completed,2,2,0,0,200,90,0.86,
